<?xml version="1.0" ?>
<FlowMonitor>
  <FlowStats>
    <Flow flowId="1" timeFirstTxPacket="+2e+09ns" timeFirstRxPacket="+2.01023e+09ns" timeLastTxPacket="+1.1e+10ns" timeLastRxPacket="+1.10002e+10ns" delaySum="+1.70607e+07ns" jitterSum="+1.6741e+07ns" lastDelay="+214482ns" txBytes="5400" rxBytes="5400" txPackets="10" rxPackets="10" lostPackets="0" timesForwarded="0">
      <delayHistogram nBins="11" >
        <bin index="0" start="0" width="0.001" count="6" />
        <bin index="1" start="0.001" width="0.001" count="2" />
        <bin index="2" start="0.002" width="0.001" count="1" />
        <bin index="10" start="0.01" width="0.001" count="1" />
      </delayHistogram>
      <jitterHistogram nBins="10" >
        <bin index="0" start="0" width="0.001" count="4" />
        <bin index="1" start="0.001" width="0.001" count="4" />
        <bin index="9" start="0.009" width="0.001" count="1" />
      </jitterHistogram>
      <packetSizeHistogram nBins="28" >
        <bin index="27" start="540" width="20" count="10" />
      </packetSizeHistogram>
      <flowInterruptionsHistogram nBins="5" >
        <bin index="3" start="0.75" width="0.25" count="5" />
        <bin index="4" start="1" width="0.25" count="4" />
      </flowInterruptionsHistogram>
    </Flow>
    <Flow flowId="2" timeFirstTxPacket="+2e+09ns" timeFirstRxPacket="+2.00659e+09ns" timeLastTxPacket="+1.1e+10ns" timeLastRxPacket="+1.10026e+10ns" delaySum="+1.64459e+07ns" jitterSum="+8.71625e+06ns" lastDelay="+2.6239e+06ns" txBytes="5400" rxBytes="5400" txPackets="10" rxPackets="10" lostPackets="0" timesForwarded="0">
      <delayHistogram nBins="7" >
        <bin index="0" start="0" width="0.001" count="5" />
        <bin index="1" start="0.001" width="0.001" count="3" />
        <bin index="2" start="0.002" width="0.001" count="1" />
        <bin index="6" start="0.006" width="0.001" count="1" />
      </delayHistogram>
      <jitterHistogram nBins="6" >
        <bin index="0" start="0" width="0.001" count="7" />
        <bin index="1" start="0.001" width="0.001" count="1" />
        <bin index="5" start="0.005" width="0.001" count="1" />
      </jitterHistogram>
      <packetSizeHistogram nBins="28" >
        <bin index="27" start="540" width="20" count="10" />
      </packetSizeHistogram>
      <flowInterruptionsHistogram nBins="5" >
        <bin index="3" start="0.75" width="0.25" count="5" />
        <bin index="4" start="1" width="0.25" count="4" />
      </flowInterruptionsHistogram>
    </Flow>
    <Flow flowId="3" timeFirstTxPacket="+2e+09ns" timeFirstRxPacket="+2.00545e+09ns" timeLastTxPacket="+1.1e+10ns" timeLastRxPacket="+1.10008e+10ns" delaySum="+1.58831e+07ns" jitterSum="+1.08252e+07ns" lastDelay="+837595ns" txBytes="5400" rxBytes="5400" txPackets="10" rxPackets="10" lostPackets="0" timesForwarded="0">
      <delayHistogram nBins="6" >
        <bin index="0" start="0" width="0.001" count="3" />
        <bin index="1" start="0.001" width="0.001" count="6" />
        <bin index="5" start="0.005" width="0.001" count="1" />
      </delayHistogram>
      <jitterHistogram nBins="5" >
        <bin index="0" start="0" width="0.001" count="5" />
        <bin index="1" start="0.001" width="0.001" count="3" />
        <bin index="4" start="0.004" width="0.001" count="1" />
      </jitterHistogram>
      <packetSizeHistogram nBins="28" >
        <bin index="27" start="540" width="20" count="10" />
      </packetSizeHistogram>
      <flowInterruptionsHistogram nBins="5" >
        <bin index="3" start="0.75" width="0.25" count="6" />
        <bin index="4" start="1" width="0.25" count="3" />
      </flowInterruptionsHistogram>
    </Flow>
    <Flow flowId="4" timeFirstTxPacket="+2e+09ns" timeFirstRxPacket="+2.00848e+09ns" timeLastTxPacket="+1.1e+10ns" timeLastRxPacket="+1.10016e+10ns" delaySum="+1.6885e+07ns" jitterSum="+1.0964e+07ns" lastDelay="+1.62168e+06ns" txBytes="5400" rxBytes="5400" txPackets="10" rxPackets="10" lostPackets="0" timesForwarded="0">
      <delayHistogram nBins="9" >
        <bin index="0" start="0" width="0.001" count="6" />
        <bin index="1" start="0.001" width="0.001" count="3" />
        <bin index="8" start="0.008" width="0.001" count="1" />
      </delayHistogram>
      <jitterHistogram nBins="8" >
        <bin index="0" start="0" width="0.001" count="7" />
        <bin index="1" start="0.001" width="0.001" count="1" />
        <bin index="7" start="0.007" width="0.001" count="1" />
      </jitterHistogram>
      <packetSizeHistogram nBins="28" >
        <bin index="27" start="540" width="20" count="10" />
      </packetSizeHistogram>
      <flowInterruptionsHistogram nBins="5" >
        <bin index="3" start="0.75" width="0.25" count="5" />
        <bin index="4" start="1" width="0.25" count="4" />
      </flowInterruptionsHistogram>
    </Flow>
    <Flow flowId="5" timeFirstTxPacket="+2e+09ns" timeFirstRxPacket="+2.00227e+09ns" timeLastTxPacket="+1.1e+10ns" timeLastRxPacket="+1.10019e+10ns" delaySum="+1.34547e+07ns" jitterSum="+7.25621e+06ns" lastDelay="+1.92478e+06ns" txBytes="5400" rxBytes="5400" txPackets="10" rxPackets="10" lostPackets="0" timesForwarded="0">
      <delayHistogram nBins="3" >
        <bin index="0" start="0" width="0.001" count="4" />
        <bin index="1" start="0.001" width="0.001" count="4" />
        <bin index="2" start="0.002" width="0.001" count="2" />
      </delayHistogram>
      <jitterHistogram nBins="2" >
        <bin index="0" start="0" width="0.001" count="6" />
        <bin index="1" start="0.001" width="0.001" count="3" />
      </jitterHistogram>
      <packetSizeHistogram nBins="28" >
        <bin index="27" start="540" width="20" count="10" />
      </packetSizeHistogram>
      <flowInterruptionsHistogram nBins="5" >
        <bin index="3" start="0.75" width="0.25" count="5" />
        <bin index="4" start="1" width="0.25" count="4" />
      </flowInterruptionsHistogram>
    </Flow>
    <Flow flowId="6" timeFirstTxPacket="+2.00227e+09ns" timeFirstRxPacket="+2.01152e+09ns" timeLastTxPacket="+1.10019e+10ns" timeLastRxPacket="+1.10022e+10ns" delaySum="+1.19273e+07ns" jitterSum="+1.11682e+07ns" lastDelay="+237047ns" txBytes="5400" rxBytes="5400" txPackets="10" rxPackets="10" lostPackets="0" timesForwarded="0">
      <delayHistogram nBins="10" >
        <bin index="0" start="0" width="0.001" count="9" />
        <bin index="9" start="0.009" width="0.001" count="1" />
      </delayHistogram>
      <jitterHistogram nBins="10" >
        <bin index="0" start="0" width="0.001" count="8" />
        <bin index="9" start="0.009" width="0.001" count="1" />
      </jitterHistogram>
      <packetSizeHistogram nBins="28" >
        <bin index="27" start="540" width="20" count="10" />
      </packetSizeHistogram>
      <flowInterruptionsHistogram nBins="5" >
        <bin index="3" start="0.75" width="0.25" count="5" />
        <bin index="4" start="1" width="0.25" count="4" />
      </flowInterruptionsHistogram>
    </Flow>
    <Flow flowId="7" timeFirstTxPacket="+2.00545e+09ns" timeFirstRxPacket="+2.0117e+09ns" timeLastTxPacket="+1.10008e+10ns" timeLastRxPacket="+1.10012e+10ns" delaySum="+1.00142e+07ns" jitterSum="+7.81598e+06ns" lastDelay="+412033ns" txBytes="5400" rxBytes="5400" txPackets="10" rxPackets="10" lostPackets="0" timesForwarded="0">
      <delayHistogram nBins="7" >
        <bin index="0" start="0" width="0.001" count="9" />
        <bin index="6" start="0.006" width="0.001" count="1" />
      </delayHistogram>
      <jitterHistogram nBins="6" >
        <bin index="0" start="0" width="0.001" count="8" />
        <bin index="5" start="0.005" width="0.001" count="1" />
      </jitterHistogram>
      <packetSizeHistogram nBins="28" >
        <bin index="27" start="540" width="20" count="10" />
      </packetSizeHistogram>
      <flowInterruptionsHistogram nBins="5" >
        <bin index="3" start="0.75" width="0.25" count="6" />
        <bin index="4" start="1" width="0.25" count="3" />
      </flowInterruptionsHistogram>
    </Flow>
    <Flow flowId="8" timeFirstTxPacket="+2.00659e+09ns" timeFirstRxPacket="+2.00961e+09ns" timeLastTxPacket="+1.10026e+10ns" timeLastRxPacket="+1.10028e+10ns" delaySum="+6.28649e+06ns" jitterSum="+5.11734e+06ns" lastDelay="+147033ns" txBytes="5400" rxBytes="5400" txPackets="10" rxPackets="10" lostPackets="0" timesForwarded="0">
      <delayHistogram nBins="4" >
        <bin index="0" start="0" width="0.001" count="9" />
        <bin index="3" start="0.003" width="0.001" count="1" />
      </delayHistogram>
      <jitterHistogram nBins="3" >
        <bin index="0" start="0" width="0.001" count="8" />
        <bin index="2" start="0.002" width="0.001" count="1" />
      </jitterHistogram>
      <packetSizeHistogram nBins="28" >
        <bin index="27" start="540" width="20" count="10" />
      </packetSizeHistogram>
      <flowInterruptionsHistogram nBins="5" >
        <bin index="3" start="0.75" width="0.25" count="4" />
        <bin index="4" start="1" width="0.25" count="5" />
      </flowInterruptionsHistogram>
    </Flow>
    <Flow flowId="9" timeFirstTxPacket="+2.00848e+09ns" timeFirstRxPacket="+2.01136e+09ns" timeLastTxPacket="+1.10016e+10ns" timeLastRxPacket="+1.10018e+10ns" delaySum="+6.82054e+06ns" jitterSum="+3.61451e+06ns" lastDelay="+147037ns" txBytes="5400" rxBytes="5400" txPackets="10" rxPackets="10" lostPackets="0" timesForwarded="0">
      <delayHistogram nBins="3" >
        <bin index="0" start="0" width="0.001" count="9" />
        <bin index="2" start="0.002" width="0.001" count="1" />
      </delayHistogram>
      <jitterHistogram nBins="3" >
        <bin index="0" start="0" width="0.001" count="8" />
        <bin index="2" start="0.002" width="0.001" count="1" />
      </jitterHistogram>
      <packetSizeHistogram nBins="28" >
        <bin index="27" start="540" width="20" count="10" />
      </packetSizeHistogram>
      <flowInterruptionsHistogram nBins="5" >
        <bin index="3" start="0.75" width="0.25" count="4" />
        <bin index="4" start="1" width="0.25" count="5" />
      </flowInterruptionsHistogram>
    </Flow>
    <Flow flowId="10" timeFirstTxPacket="+2.01023e+09ns" timeFirstRxPacket="+2.01872e+09ns" timeLastTxPacket="+1.10002e+10ns" timeLastRxPacket="+1.10005e+10ns" delaySum="+1.07719e+07ns" jitterSum="+9.46678e+06ns" lastDelay="+304017ns" txBytes="5400" rxBytes="5400" txPackets="10" rxPackets="10" lostPackets="0" timesForwarded="0">
      <delayHistogram nBins="9" >
        <bin index="0" start="0" width="0.001" count="9" />
        <bin index="8" start="0.008" width="0.001" count="1" />
      </delayHistogram>
      <jitterHistogram nBins="9" >
        <bin index="0" start="0" width="0.001" count="8" />
        <bin index="8" start="0.008" width="0.001" count="1" />
      </jitterHistogram>
      <packetSizeHistogram nBins="28" >
        <bin index="27" start="540" width="20" count="10" />
      </packetSizeHistogram>
      <flowInterruptionsHistogram nBins="5" >
        <bin index="3" start="0.75" width="0.25" count="4" />
        <bin index="4" start="1" width="0.25" count="5" />
      </flowInterruptionsHistogram>
    </Flow>
  </FlowStats>
  <Ipv4FlowClassifier>
    <Flow flowId="10" sourceAddress="10.1.1.1" destinationAddress="10.1.1.2" protocol="17" sourcePort="9" destinationPort="49153">
      <Dscp value="0x0" packets="10" />
    </Flow>
    <Flow flowId="8" sourceAddress="10.1.1.1" destinationAddress="10.1.1.3" protocol="17" sourcePort="9" destinationPort="49153">
      <Dscp value="0x0" packets="10" />
    </Flow>
    <Flow flowId="7" sourceAddress="10.1.1.1" destinationAddress="10.1.1.4" protocol="17" sourcePort="9" destinationPort="49153">
      <Dscp value="0x0" packets="10" />
    </Flow>
    <Flow flowId="9" sourceAddress="10.1.1.1" destinationAddress="10.1.1.5" protocol="17" sourcePort="9" destinationPort="49153">
      <Dscp value="0x0" packets="10" />
    </Flow>
    <Flow flowId="6" sourceAddress="10.1.1.1" destinationAddress="10.1.1.6" protocol="17" sourcePort="9" destinationPort="49153">
      <Dscp value="0x0" packets="10" />
    </Flow>
    <Flow flowId="1" sourceAddress="10.1.1.2" destinationAddress="10.1.1.1" protocol="17" sourcePort="49153" destinationPort="9">
      <Dscp value="0x0" packets="10" />
    </Flow>
    <Flow flowId="2" sourceAddress="10.1.1.3" destinationAddress="10.1.1.1" protocol="17" sourcePort="49153" destinationPort="9">
      <Dscp value="0x0" packets="10" />
    </Flow>
    <Flow flowId="3" sourceAddress="10.1.1.4" destinationAddress="10.1.1.1" protocol="17" sourcePort="49153" destinationPort="9">
      <Dscp value="0x0" packets="10" />
    </Flow>
    <Flow flowId="4" sourceAddress="10.1.1.5" destinationAddress="10.1.1.1" protocol="17" sourcePort="49153" destinationPort="9">
      <Dscp value="0x0" packets="10" />
    </Flow>
    <Flow flowId="5" sourceAddress="10.1.1.6" destinationAddress="10.1.1.1" protocol="17" sourcePort="49153" destinationPort="9">
      <Dscp value="0x0" packets="10" />
    </Flow>
  </Ipv4FlowClassifier>
  <Ipv6FlowClassifier>
  </Ipv6FlowClassifier>
  <FlowProbes>
    <FlowProbe index="0">
      <FlowStats  flowId="1" packets="10" bytes="5400" delayFromFirstProbeSum="+1.70607e+07ns" >
      </FlowStats>
      <FlowStats  flowId="2" packets="10" bytes="5400" delayFromFirstProbeSum="+1.64459e+07ns" >
      </FlowStats>
      <FlowStats  flowId="3" packets="10" bytes="5400" delayFromFirstProbeSum="+1.58831e+07ns" >
      </FlowStats>
      <FlowStats  flowId="4" packets="10" bytes="5400" delayFromFirstProbeSum="+1.6885e+07ns" >
      </FlowStats>
      <FlowStats  flowId="5" packets="10" bytes="5400" delayFromFirstProbeSum="+1.34547e+07ns" >
      </FlowStats>
      <FlowStats  flowId="6" packets="10" bytes="5400" delayFromFirstProbeSum="+0ns" >
      </FlowStats>
      <FlowStats  flowId="7" packets="10" bytes="5400" delayFromFirstProbeSum="+0ns" >
      </FlowStats>
      <FlowStats  flowId="8" packets="10" bytes="5400" delayFromFirstProbeSum="+0ns" >
      </FlowStats>
      <FlowStats  flowId="9" packets="10" bytes="5400" delayFromFirstProbeSum="+0ns" >
      </FlowStats>
      <FlowStats  flowId="10" packets="10" bytes="5400" delayFromFirstProbeSum="+0ns" >
      </FlowStats>
    </FlowProbe>
    <FlowProbe index="1">
    </FlowProbe>
    <FlowProbe index="2">
      <FlowStats  flowId="1" packets="10" bytes="5400" delayFromFirstProbeSum="+0ns" >
      </FlowStats>
      <FlowStats  flowId="10" packets="10" bytes="5400" delayFromFirstProbeSum="+1.07719e+07ns" >
      </FlowStats>
    </FlowProbe>
    <FlowProbe index="3">
    </FlowProbe>
    <FlowProbe index="4">
      <FlowStats  flowId="2" packets="10" bytes="5400" delayFromFirstProbeSum="+0ns" >
      </FlowStats>
      <FlowStats  flowId="8" packets="10" bytes="5400" delayFromFirstProbeSum="+6.28649e+06ns" >
      </FlowStats>
    </FlowProbe>
    <FlowProbe index="5">
    </FlowProbe>
    <FlowProbe index="6">
      <FlowStats  flowId="3" packets="10" bytes="5400" delayFromFirstProbeSum="+0ns" >
      </FlowStats>
      <FlowStats  flowId="7" packets="10" bytes="5400" delayFromFirstProbeSum="+1.00142e+07ns" >
      </FlowStats>
    </FlowProbe>
    <FlowProbe index="7">
    </FlowProbe>
    <FlowProbe index="8">
      <FlowStats  flowId="4" packets="10" bytes="5400" delayFromFirstProbeSum="+0ns" >
      </FlowStats>
      <FlowStats  flowId="9" packets="10" bytes="5400" delayFromFirstProbeSum="+6.82054e+06ns" >
      </FlowStats>
    </FlowProbe>
    <FlowProbe index="9">
    </FlowProbe>
    <FlowProbe index="10">
      <FlowStats  flowId="5" packets="10" bytes="5400" delayFromFirstProbeSum="+0ns" >
      </FlowStats>
      <FlowStats  flowId="6" packets="10" bytes="5400" delayFromFirstProbeSum="+1.19273e+07ns" >
      </FlowStats>
    </FlowProbe>
    <FlowProbe index="11">
    </FlowProbe>
  </FlowProbes>
</FlowMonitor>
