<?xml version="1.0" ?>
<FlowMonitor>
  <FlowStats>
    <Flow flowId="1" timeFirstTxPacket="+2e+09ns" timeFirstRxPacket="+2.00592e+09ns" timeLastTxPacket="+1.1e+10ns" timeLastRxPacket="+1.1001e+10ns" delaySum="+1.84875e+07ns" jitterSum="+1.43781e+07ns" lastDelay="+977235ns" txBytes="5400" rxBytes="5400" txPackets="10" rxPackets="10" lostPackets="0" timesForwarded="0">
      <delayHistogram nBins="6" >
        <bin index="0" start="0" width="0.001" count="5" />
        <bin index="1" start="0.001" width="0.001" count="1" />
        <bin index="2" start="0.002" width="0.001" count="2" />
        <bin index="3" start="0.003" width="0.001" count="1" />
        <bin index="5" start="0.005" width="0.001" count="1" />
      </delayHistogram>
      <jitterHistogram nBins="6" >
        <bin index="0" start="0" width="0.001" count="5" />
        <bin index="1" start="0.001" width="0.001" count="2" />
        <bin index="2" start="0.002" width="0.001" count="1" />
        <bin index="5" start="0.005" width="0.001" count="1" />
      </jitterHistogram>
      <packetSizeHistogram nBins="28" >
        <bin index="27" start="540" width="20" count="10" />
      </packetSizeHistogram>
      <flowInterruptionsHistogram nBins="5" >
        <bin index="3" start="0.75" width="0.25" count="3" />
        <bin index="4" start="1" width="0.25" count="6" />
      </flowInterruptionsHistogram>
    </Flow>
    <Flow flowId="2" timeFirstTxPacket="+2e+09ns" timeFirstRxPacket="+0ns" timeLastTxPacket="+1.1e+10ns" timeLastRxPacket="+0ns" delaySum="+0ns" jitterSum="+0ns" lastDelay="+0ns" txBytes="5400" rxBytes="0" txPackets="10" rxPackets="0" lostPackets="3" timesForwarded="0">
      <delayHistogram nBins="0" >
      </delayHistogram>
      <jitterHistogram nBins="0" >
      </jitterHistogram>
      <packetSizeHistogram nBins="0" >
      </packetSizeHistogram>
      <flowInterruptionsHistogram nBins="0" >
      </flowInterruptionsHistogram>
    </Flow>
    <Flow flowId="3" timeFirstTxPacket="+2e+09ns" timeFirstRxPacket="+2.00253e+09ns" timeLastTxPacket="+1.1e+10ns" timeLastRxPacket="+1.10006e+10ns" delaySum="+1.19528e+07ns" jitterSum="+4.85299e+06ns" lastDelay="+640067ns" txBytes="5400" rxBytes="5400" txPackets="10" rxPackets="10" lostPackets="0" timesForwarded="0">
      <delayHistogram nBins="3" >
        <bin index="0" start="0" width="0.001" count="6" />
        <bin index="1" start="0.001" width="0.001" count="2" />
        <bin index="2" start="0.002" width="0.001" count="2" />
      </delayHistogram>
      <jitterHistogram nBins="3" >
        <bin index="0" start="0" width="0.001" count="8" />
        <bin index="2" start="0.002" width="0.001" count="1" />
      </jitterHistogram>
      <packetSizeHistogram nBins="28" >
        <bin index="27" start="540" width="20" count="10" />
      </packetSizeHistogram>
      <flowInterruptionsHistogram nBins="5" >
        <bin index="3" start="0.75" width="0.25" count="4" />
        <bin index="4" start="1" width="0.25" count="5" />
      </flowInterruptionsHistogram>
    </Flow>
    <Flow flowId="4" timeFirstTxPacket="+2e+09ns" timeFirstRxPacket="+2.00946e+09ns" timeLastTxPacket="+1.1e+10ns" timeLastRxPacket="+1.10003e+10ns" delaySum="+1.81711e+07ns" jitterSum="+1.49195e+07ns" lastDelay="+280732ns" txBytes="5400" rxBytes="5400" txPackets="10" rxPackets="10" lostPackets="0" timesForwarded="0">
      <delayHistogram nBins="10" >
        <bin index="0" start="0" width="0.001" count="5" />
        <bin index="1" start="0.001" width="0.001" count="4" />
        <bin index="9" start="0.009" width="0.001" count="1" />
      </delayHistogram>
      <jitterHistogram nBins="10" >
        <bin index="0" start="0" width="0.001" count="6" />
        <bin index="1" start="0.001" width="0.001" count="2" />
        <bin index="9" start="0.009" width="0.001" count="1" />
      </jitterHistogram>
      <packetSizeHistogram nBins="28" >
        <bin index="27" start="540" width="20" count="10" />
      </packetSizeHistogram>
      <flowInterruptionsHistogram nBins="5" >
        <bin index="3" start="0.75" width="0.25" count="5" />
        <bin index="4" start="1" width="0.25" count="4" />
      </flowInterruptionsHistogram>
    </Flow>
    <Flow flowId="5" timeFirstTxPacket="+2e+09ns" timeFirstRxPacket="+0ns" timeLastTxPacket="+1.1e+10ns" timeLastRxPacket="+0ns" delaySum="+0ns" jitterSum="+0ns" lastDelay="+0ns" txBytes="5400" rxBytes="0" txPackets="10" rxPackets="0" lostPackets="3" timesForwarded="0">
      <delayHistogram nBins="0" >
      </delayHistogram>
      <jitterHistogram nBins="0" >
      </jitterHistogram>
      <packetSizeHistogram nBins="0" >
      </packetSizeHistogram>
      <flowInterruptionsHistogram nBins="0" >
      </flowInterruptionsHistogram>
    </Flow>
    <Flow flowId="6" timeFirstTxPacket="+2e+09ns" timeFirstRxPacket="+2.00496e+09ns" timeLastTxPacket="+1.1e+10ns" timeLastRxPacket="+1.10008e+10ns" delaySum="+1.49276e+07ns" jitterSum="+6.52695e+06ns" lastDelay="+812201ns" txBytes="5400" rxBytes="5400" txPackets="10" rxPackets="10" lostPackets="0" timesForwarded="0">
      <delayHistogram nBins="5" >
        <bin index="0" start="0" width="0.001" count="5" />
        <bin index="1" start="0.001" width="0.001" count="3" />
        <bin index="2" start="0.002" width="0.001" count="1" />
        <bin index="4" start="0.004" width="0.001" count="1" />
      </delayHistogram>
      <jitterHistogram nBins="3" >
        <bin index="0" start="0" width="0.001" count="8" />
        <bin index="2" start="0.002" width="0.001" count="1" />
      </jitterHistogram>
      <packetSizeHistogram nBins="28" >
        <bin index="27" start="540" width="20" count="10" />
      </packetSizeHistogram>
      <flowInterruptionsHistogram nBins="5" >
        <bin index="3" start="0.75" width="0.25" count="6" />
        <bin index="4" start="1" width="0.25" count="3" />
      </flowInterruptionsHistogram>
    </Flow>
    <Flow flowId="7" timeFirstTxPacket="+2e+09ns" timeFirstRxPacket="+2.0075e+09ns" timeLastTxPacket="+1.1e+10ns" timeLastRxPacket="+1.10019e+10ns" delaySum="+1.92379e+07ns" jitterSum="+1.22921e+07ns" lastDelay="+1.91471e+06ns" txBytes="5400" rxBytes="5400" txPackets="10" rxPackets="10" lostPackets="0" timesForwarded="0">
      <delayHistogram nBins="8" >
        <bin index="0" start="0" width="0.001" count="3" />
        <bin index="1" start="0.001" width="0.001" count="5" />
        <bin index="2" start="0.002" width="0.001" count="1" />
        <bin index="7" start="0.007" width="0.001" count="1" />
      </delayHistogram>
      <jitterHistogram nBins="6" >
        <bin index="0" start="0" width="0.001" count="5" />
        <bin index="1" start="0.001" width="0.001" count="2" />
        <bin index="2" start="0.002" width="0.001" count="1" />
        <bin index="5" start="0.005" width="0.001" count="1" />
      </jitterHistogram>
      <packetSizeHistogram nBins="28" >
        <bin index="27" start="540" width="20" count="10" />
      </packetSizeHistogram>
      <flowInterruptionsHistogram nBins="5" >
        <bin index="3" start="0.75" width="0.25" count="7" />
        <bin index="4" start="1" width="0.25" count="2" />
      </flowInterruptionsHistogram>
    </Flow>
    <Flow flowId="8" timeFirstTxPacket="+2e+09ns" timeFirstRxPacket="+0ns" timeLastTxPacket="+1.1e+10ns" timeLastRxPacket="+0ns" delaySum="+0ns" jitterSum="+0ns" lastDelay="+0ns" txBytes="5400" rxBytes="0" txPackets="10" rxPackets="0" lostPackets="3" timesForwarded="0">
      <delayHistogram nBins="0" >
      </delayHistogram>
      <jitterHistogram nBins="0" >
      </jitterHistogram>
      <packetSizeHistogram nBins="0" >
      </packetSizeHistogram>
      <flowInterruptionsHistogram nBins="0" >
      </flowInterruptionsHistogram>
    </Flow>
    <Flow flowId="9" timeFirstTxPacket="+2e+09ns" timeFirstRxPacket="+0ns" timeLastTxPacket="+1.1e+10ns" timeLastRxPacket="+0ns" delaySum="+0ns" jitterSum="+0ns" lastDelay="+0ns" txBytes="5400" rxBytes="0" txPackets="10" rxPackets="0" lostPackets="3" timesForwarded="0">
      <delayHistogram nBins="0" >
      </delayHistogram>
      <jitterHistogram nBins="0" >
      </jitterHistogram>
      <packetSizeHistogram nBins="0" >
      </packetSizeHistogram>
      <flowInterruptionsHistogram nBins="0" >
      </flowInterruptionsHistogram>
    </Flow>
    <Flow flowId="10" timeFirstTxPacket="+2e+09ns" timeFirstRxPacket="+0ns" timeLastTxPacket="+1.1e+10ns" timeLastRxPacket="+0ns" delaySum="+0ns" jitterSum="+0ns" lastDelay="+0ns" txBytes="5400" rxBytes="0" txPackets="10" rxPackets="0" lostPackets="3" timesForwarded="0">
      <delayHistogram nBins="0" >
      </delayHistogram>
      <jitterHistogram nBins="0" >
      </jitterHistogram>
      <packetSizeHistogram nBins="0" >
      </packetSizeHistogram>
      <flowInterruptionsHistogram nBins="0" >
      </flowInterruptionsHistogram>
    </Flow>
    <Flow flowId="11" timeFirstTxPacket="+2e+09ns" timeFirstRxPacket="+0ns" timeLastTxPacket="+1.1e+10ns" timeLastRxPacket="+0ns" delaySum="+0ns" jitterSum="+0ns" lastDelay="+0ns" txBytes="5400" rxBytes="0" txPackets="10" rxPackets="0" lostPackets="3" timesForwarded="0">
      <delayHistogram nBins="0" >
      </delayHistogram>
      <jitterHistogram nBins="0" >
      </jitterHistogram>
      <packetSizeHistogram nBins="0" >
      </packetSizeHistogram>
      <flowInterruptionsHistogram nBins="0" >
      </flowInterruptionsHistogram>
    </Flow>
    <Flow flowId="12" timeFirstTxPacket="+2e+09ns" timeFirstRxPacket="+0ns" timeLastTxPacket="+1.1e+10ns" timeLastRxPacket="+0ns" delaySum="+0ns" jitterSum="+0ns" lastDelay="+0ns" txBytes="5400" rxBytes="0" txPackets="10" rxPackets="0" lostPackets="3" timesForwarded="0">
      <delayHistogram nBins="0" >
      </delayHistogram>
      <jitterHistogram nBins="0" >
      </jitterHistogram>
      <packetSizeHistogram nBins="0" >
      </packetSizeHistogram>
      <flowInterruptionsHistogram nBins="0" >
      </flowInterruptionsHistogram>
    </Flow>
    <Flow flowId="13" timeFirstTxPacket="+2e+09ns" timeFirstRxPacket="+0ns" timeLastTxPacket="+1.1e+10ns" timeLastRxPacket="+0ns" delaySum="+0ns" jitterSum="+0ns" lastDelay="+0ns" txBytes="5400" rxBytes="0" txPackets="10" rxPackets="0" lostPackets="3" timesForwarded="0">
      <delayHistogram nBins="0" >
      </delayHistogram>
      <jitterHistogram nBins="0" >
      </jitterHistogram>
      <packetSizeHistogram nBins="0" >
      </packetSizeHistogram>
      <flowInterruptionsHistogram nBins="0" >
      </flowInterruptionsHistogram>
    </Flow>
    <Flow flowId="14" timeFirstTxPacket="+2e+09ns" timeFirstRxPacket="+0ns" timeLastTxPacket="+1.1e+10ns" timeLastRxPacket="+0ns" delaySum="+0ns" jitterSum="+0ns" lastDelay="+0ns" txBytes="5400" rxBytes="0" txPackets="10" rxPackets="0" lostPackets="3" timesForwarded="0">
      <delayHistogram nBins="0" >
      </delayHistogram>
      <jitterHistogram nBins="0" >
      </jitterHistogram>
      <packetSizeHistogram nBins="0" >
      </packetSizeHistogram>
      <flowInterruptionsHistogram nBins="0" >
      </flowInterruptionsHistogram>
    </Flow>
    <Flow flowId="15" timeFirstTxPacket="+2e+09ns" timeFirstRxPacket="+0ns" timeLastTxPacket="+1.1e+10ns" timeLastRxPacket="+0ns" delaySum="+0ns" jitterSum="+0ns" lastDelay="+0ns" txBytes="5400" rxBytes="0" txPackets="10" rxPackets="0" lostPackets="3" timesForwarded="0">
      <delayHistogram nBins="0" >
      </delayHistogram>
      <jitterHistogram nBins="0" >
      </jitterHistogram>
      <packetSizeHistogram nBins="0" >
      </packetSizeHistogram>
      <flowInterruptionsHistogram nBins="0" >
      </flowInterruptionsHistogram>
    </Flow>
    <Flow flowId="16" timeFirstTxPacket="+2e+09ns" timeFirstRxPacket="+2.01102e+09ns" timeLastTxPacket="+1.1e+10ns" timeLastRxPacket="+1.10017e+10ns" delaySum="+2.26252e+07ns" jitterSum="+1.65806e+07ns" lastDelay="+1.69357e+06ns" txBytes="5400" rxBytes="5400" txPackets="10" rxPackets="10" lostPackets="0" timesForwarded="0">
      <delayHistogram nBins="12" >
        <bin index="0" start="0" width="0.001" count="3" />
        <bin index="1" start="0.001" width="0.001" count="5" />
        <bin index="2" start="0.002" width="0.001" count="1" />
        <bin index="11" start="0.011" width="0.001" count="1" />
      </delayHistogram>
      <jitterHistogram nBins="10" >
        <bin index="0" start="0" width="0.001" count="6" />
        <bin index="1" start="0.001" width="0.001" count="1" />
        <bin index="2" start="0.002" width="0.001" count="1" />
        <bin index="9" start="0.009" width="0.001" count="1" />
      </jitterHistogram>
      <packetSizeHistogram nBins="28" >
        <bin index="27" start="540" width="20" count="10" />
      </packetSizeHistogram>
      <flowInterruptionsHistogram nBins="5" >
        <bin index="3" start="0.75" width="0.25" count="4" />
        <bin index="4" start="1" width="0.25" count="5" />
      </flowInterruptionsHistogram>
    </Flow>
    <Flow flowId="17" timeFirstTxPacket="+2e+09ns" timeFirstRxPacket="+0ns" timeLastTxPacket="+1.1e+10ns" timeLastRxPacket="+0ns" delaySum="+0ns" jitterSum="+0ns" lastDelay="+0ns" txBytes="5400" rxBytes="0" txPackets="10" rxPackets="0" lostPackets="3" timesForwarded="0">
      <delayHistogram nBins="0" >
      </delayHistogram>
      <jitterHistogram nBins="0" >
      </jitterHistogram>
      <packetSizeHistogram nBins="0" >
      </packetSizeHistogram>
      <flowInterruptionsHistogram nBins="0" >
      </flowInterruptionsHistogram>
    </Flow>
    <Flow flowId="18" timeFirstTxPacket="+2e+09ns" timeFirstRxPacket="+0ns" timeLastTxPacket="+1.1e+10ns" timeLastRxPacket="+0ns" delaySum="+0ns" jitterSum="+0ns" lastDelay="+0ns" txBytes="5400" rxBytes="0" txPackets="10" rxPackets="0" lostPackets="3" timesForwarded="0">
      <delayHistogram nBins="0" >
      </delayHistogram>
      <jitterHistogram nBins="0" >
      </jitterHistogram>
      <packetSizeHistogram nBins="0" >
      </packetSizeHistogram>
      <flowInterruptionsHistogram nBins="0" >
      </flowInterruptionsHistogram>
    </Flow>
    <Flow flowId="19" timeFirstTxPacket="+2e+09ns" timeFirstRxPacket="+0ns" timeLastTxPacket="+1.1e+10ns" timeLastRxPacket="+0ns" delaySum="+0ns" jitterSum="+0ns" lastDelay="+0ns" txBytes="5400" rxBytes="0" txPackets="10" rxPackets="0" lostPackets="3" timesForwarded="0">
      <delayHistogram nBins="0" >
      </delayHistogram>
      <jitterHistogram nBins="0" >
      </jitterHistogram>
      <packetSizeHistogram nBins="0" >
      </packetSizeHistogram>
      <flowInterruptionsHistogram nBins="0" >
      </flowInterruptionsHistogram>
    </Flow>
    <Flow flowId="20" timeFirstTxPacket="+2e+09ns" timeFirstRxPacket="+0ns" timeLastTxPacket="+1.1e+10ns" timeLastRxPacket="+0ns" delaySum="+0ns" jitterSum="+0ns" lastDelay="+0ns" txBytes="5400" rxBytes="0" txPackets="10" rxPackets="0" lostPackets="3" timesForwarded="0">
      <delayHistogram nBins="0" >
      </delayHistogram>
      <jitterHistogram nBins="0" >
      </jitterHistogram>
      <packetSizeHistogram nBins="0" >
      </packetSizeHistogram>
      <flowInterruptionsHistogram nBins="0" >
      </flowInterruptionsHistogram>
    </Flow>
    <Flow flowId="21" timeFirstTxPacket="+2e+09ns" timeFirstRxPacket="+0ns" timeLastTxPacket="+1.1e+10ns" timeLastRxPacket="+0ns" delaySum="+0ns" jitterSum="+0ns" lastDelay="+0ns" txBytes="5400" rxBytes="0" txPackets="10" rxPackets="0" lostPackets="3" timesForwarded="0">
      <delayHistogram nBins="0" >
      </delayHistogram>
      <jitterHistogram nBins="0" >
      </jitterHistogram>
      <packetSizeHistogram nBins="0" >
      </packetSizeHistogram>
      <flowInterruptionsHistogram nBins="0" >
      </flowInterruptionsHistogram>
    </Flow>
    <Flow flowId="22" timeFirstTxPacket="+2e+09ns" timeFirstRxPacket="+0ns" timeLastTxPacket="+1.1e+10ns" timeLastRxPacket="+0ns" delaySum="+0ns" jitterSum="+0ns" lastDelay="+0ns" txBytes="5400" rxBytes="0" txPackets="10" rxPackets="0" lostPackets="3" timesForwarded="0">
      <delayHistogram nBins="0" >
      </delayHistogram>
      <jitterHistogram nBins="0" >
      </jitterHistogram>
      <packetSizeHistogram nBins="0" >
      </packetSizeHistogram>
      <flowInterruptionsHistogram nBins="0" >
      </flowInterruptionsHistogram>
    </Flow>
    <Flow flowId="23" timeFirstTxPacket="+2e+09ns" timeFirstRxPacket="+0ns" timeLastTxPacket="+1.1e+10ns" timeLastRxPacket="+0ns" delaySum="+0ns" jitterSum="+0ns" lastDelay="+0ns" txBytes="5400" rxBytes="0" txPackets="10" rxPackets="0" lostPackets="3" timesForwarded="0">
      <delayHistogram nBins="0" >
      </delayHistogram>
      <jitterHistogram nBins="0" >
      </jitterHistogram>
      <packetSizeHistogram nBins="0" >
      </packetSizeHistogram>
      <flowInterruptionsHistogram nBins="0" >
      </flowInterruptionsHistogram>
    </Flow>
    <Flow flowId="24" timeFirstTxPacket="+2e+09ns" timeFirstRxPacket="+0ns" timeLastTxPacket="+1.1e+10ns" timeLastRxPacket="+0ns" delaySum="+0ns" jitterSum="+0ns" lastDelay="+0ns" txBytes="5400" rxBytes="0" txPackets="10" rxPackets="0" lostPackets="3" timesForwarded="0">
      <delayHistogram nBins="0" >
      </delayHistogram>
      <jitterHistogram nBins="0" >
      </jitterHistogram>
      <packetSizeHistogram nBins="0" >
      </packetSizeHistogram>
      <flowInterruptionsHistogram nBins="0" >
      </flowInterruptionsHistogram>
    </Flow>
    <Flow flowId="25" timeFirstTxPacket="+2.00253e+09ns" timeFirstRxPacket="+2.01228e+09ns" timeLastTxPacket="+1.10006e+10ns" timeLastRxPacket="+1.10024e+10ns" delaySum="+1.68227e+07ns" jitterSum="+1.3163e+07ns" lastDelay="+1.71275e+06ns" txBytes="5400" rxBytes="5400" txPackets="10" rxPackets="10" lostPackets="0" timesForwarded="0">
      <delayHistogram nBins="10" >
        <bin index="0" start="0" width="0.001" count="6" />
        <bin index="1" start="0.001" width="0.001" count="3" />
        <bin index="9" start="0.009" width="0.001" count="1" />
      </delayHistogram>
      <jitterHistogram nBins="10" >
        <bin index="0" start="0" width="0.001" count="7" />
        <bin index="1" start="0.001" width="0.001" count="1" />
        <bin index="9" start="0.009" width="0.001" count="1" />
      </jitterHistogram>
      <packetSizeHistogram nBins="28" >
        <bin index="27" start="540" width="20" count="10" />
      </packetSizeHistogram>
      <flowInterruptionsHistogram nBins="5" >
        <bin index="3" start="0.75" width="0.25" count="3" />
        <bin index="4" start="1" width="0.25" count="6" />
      </flowInterruptionsHistogram>
    </Flow>
    <Flow flowId="26" timeFirstTxPacket="+2.00496e+09ns" timeFirstRxPacket="+2.01296e+09ns" timeLastTxPacket="+1.10008e+10ns" timeLastRxPacket="+1.10026e+10ns" delaySum="+1.49646e+07ns" jitterSum="+1.10858e+07ns" lastDelay="+1.74872e+06ns" txBytes="5400" rxBytes="5400" txPackets="10" rxPackets="10" lostPackets="0" timesForwarded="0">
      <delayHistogram nBins="8" >
        <bin index="0" start="0" width="0.001" count="8" />
        <bin index="1" start="0.001" width="0.001" count="1" />
        <bin index="7" start="0.007" width="0.001" count="1" />
      </delayHistogram>
      <jitterHistogram nBins="8" >
        <bin index="0" start="0" width="0.001" count="7" />
        <bin index="1" start="0.001" width="0.001" count="1" />
        <bin index="7" start="0.007" width="0.001" count="1" />
      </jitterHistogram>
      <packetSizeHistogram nBins="28" >
        <bin index="27" start="540" width="20" count="10" />
      </packetSizeHistogram>
      <flowInterruptionsHistogram nBins="5" >
        <bin index="3" start="0.75" width="0.25" count="6" />
        <bin index="4" start="1" width="0.25" count="3" />
      </flowInterruptionsHistogram>
    </Flow>
    <Flow flowId="27" timeFirstTxPacket="+2.00592e+09ns" timeFirstRxPacket="+2.01323e+09ns" timeLastTxPacket="+1.1001e+10ns" timeLastRxPacket="+1.10028e+10ns" delaySum="+1.19021e+07ns" jitterSum="+1.04599e+07ns" lastDelay="+1.77577e+06ns" txBytes="5400" rxBytes="5400" txPackets="10" rxPackets="10" lostPackets="0" timesForwarded="0">
      <delayHistogram nBins="8" >
        <bin index="0" start="0" width="0.001" count="8" />
        <bin index="1" start="0.001" width="0.001" count="1" />
        <bin index="7" start="0.007" width="0.001" count="1" />
      </delayHistogram>
      <jitterHistogram nBins="8" >
        <bin index="0" start="0" width="0.001" count="7" />
        <bin index="1" start="0.001" width="0.001" count="1" />
        <bin index="7" start="0.007" width="0.001" count="1" />
      </jitterHistogram>
      <packetSizeHistogram nBins="28" >
        <bin index="27" start="540" width="20" count="10" />
      </packetSizeHistogram>
      <flowInterruptionsHistogram nBins="5" >
        <bin index="3" start="0.75" width="0.25" count="3" />
        <bin index="4" start="1" width="0.25" count="6" />
      </flowInterruptionsHistogram>
    </Flow>
    <Flow flowId="28" timeFirstTxPacket="+2.0075e+09ns" timeFirstRxPacket="+2.01163e+09ns" timeLastTxPacket="+1.10019e+10ns" timeLastRxPacket="+1.10033e+10ns" delaySum="+9.31656e+06ns" jitterSum="+9.77778e+06ns" lastDelay="+1.42371e+06ns" txBytes="5400" rxBytes="5400" txPackets="10" rxPackets="10" lostPackets="0" timesForwarded="0">
      <delayHistogram nBins="5" >
        <bin index="0" start="0" width="0.001" count="7" />
        <bin index="1" start="0.001" width="0.001" count="2" />
        <bin index="4" start="0.004" width="0.001" count="1" />
      </delayHistogram>
      <jitterHistogram nBins="4" >
        <bin index="0" start="0" width="0.001" count="7" />
        <bin index="1" start="0.001" width="0.001" count="1" />
        <bin index="3" start="0.003" width="0.001" count="1" />
      </jitterHistogram>
      <packetSizeHistogram nBins="28" >
        <bin index="27" start="540" width="20" count="10" />
      </packetSizeHistogram>
      <flowInterruptionsHistogram nBins="5" >
        <bin index="3" start="0.75" width="0.25" count="5" />
        <bin index="4" start="1" width="0.25" count="4" />
      </flowInterruptionsHistogram>
    </Flow>
    <Flow flowId="29" timeFirstTxPacket="+2.00946e+09ns" timeFirstRxPacket="+2.01489e+09ns" timeLastTxPacket="+1.10003e+10ns" timeLastRxPacket="+1.10022e+10ns" delaySum="+1.13737e+07ns" jitterSum="+7.76535e+06ns" lastDelay="+1.92502e+06ns" txBytes="5400" rxBytes="5400" txPackets="10" rxPackets="10" lostPackets="0" timesForwarded="0">
      <delayHistogram nBins="6" >
        <bin index="0" start="0" width="0.001" count="8" />
        <bin index="1" start="0.001" width="0.001" count="1" />
        <bin index="5" start="0.005" width="0.001" count="1" />
      </delayHistogram>
      <jitterHistogram nBins="6" >
        <bin index="0" start="0" width="0.001" count="7" />
        <bin index="1" start="0.001" width="0.001" count="1" />
        <bin index="5" start="0.005" width="0.001" count="1" />
      </jitterHistogram>
      <packetSizeHistogram nBins="28" >
        <bin index="27" start="540" width="20" count="10" />
      </packetSizeHistogram>
      <flowInterruptionsHistogram nBins="5" >
        <bin index="3" start="0.75" width="0.25" count="5" />
        <bin index="4" start="1" width="0.25" count="4" />
      </flowInterruptionsHistogram>
    </Flow>
    <Flow flowId="30" timeFirstTxPacket="+2.01102e+09ns" timeFirstRxPacket="+2.01747e+09ns" timeLastTxPacket="+1.10017e+10ns" timeLastRxPacket="+1.10031e+10ns" delaySum="+1.29124e+07ns" jitterSum="+9.23193e+06ns" lastDelay="+1.37861e+06ns" txBytes="5400" rxBytes="5400" txPackets="10" rxPackets="10" lostPackets="0" timesForwarded="0">
      <delayHistogram nBins="7" >
        <bin index="0" start="0" width="0.001" count="7" />
        <bin index="1" start="0.001" width="0.001" count="2" />
        <bin index="6" start="0.006" width="0.001" count="1" />
      </delayHistogram>
      <jitterHistogram nBins="7" >
        <bin index="0" start="0" width="0.001" count="8" />
        <bin index="6" start="0.006" width="0.001" count="1" />
      </jitterHistogram>
      <packetSizeHistogram nBins="28" >
        <bin index="27" start="540" width="20" count="10" />
      </packetSizeHistogram>
      <flowInterruptionsHistogram nBins="5" >
        <bin index="3" start="0.75" width="0.25" count="4" />
        <bin index="4" start="1" width="0.25" count="5" />
      </flowInterruptionsHistogram>
    </Flow>
  </FlowStats>
  <Ipv4FlowClassifier>
    <Flow flowId="27" sourceAddress="10.1.1.1" destinationAddress="10.1.1.2" protocol="17" sourcePort="9" destinationPort="49153">
      <Dscp value="0x0" packets="10" />
    </Flow>
    <Flow flowId="25" sourceAddress="10.1.1.1" destinationAddress="10.1.1.4" protocol="17" sourcePort="9" destinationPort="49153">
      <Dscp value="0x0" packets="10" />
    </Flow>
    <Flow flowId="29" sourceAddress="10.1.1.1" destinationAddress="10.1.1.5" protocol="17" sourcePort="9" destinationPort="49153">
      <Dscp value="0x0" packets="10" />
    </Flow>
    <Flow flowId="26" sourceAddress="10.1.1.1" destinationAddress="10.1.1.7" protocol="17" sourcePort="9" destinationPort="49153">
      <Dscp value="0x0" packets="10" />
    </Flow>
    <Flow flowId="28" sourceAddress="10.1.1.1" destinationAddress="10.1.1.8" protocol="17" sourcePort="9" destinationPort="49153">
      <Dscp value="0x0" packets="10" />
    </Flow>
    <Flow flowId="30" sourceAddress="10.1.1.1" destinationAddress="10.1.1.17" protocol="17" sourcePort="9" destinationPort="49153">
      <Dscp value="0x0" packets="10" />
    </Flow>
    <Flow flowId="1" sourceAddress="10.1.1.2" destinationAddress="10.1.1.1" protocol="17" sourcePort="49153" destinationPort="9">
      <Dscp value="0x0" packets="10" />
    </Flow>
    <Flow flowId="2" sourceAddress="10.1.1.3" destinationAddress="10.1.1.1" protocol="17" sourcePort="49153" destinationPort="9">
      <Dscp value="0x0" packets="10" />
    </Flow>
    <Flow flowId="3" sourceAddress="10.1.1.4" destinationAddress="10.1.1.1" protocol="17" sourcePort="49153" destinationPort="9">
      <Dscp value="0x0" packets="10" />
    </Flow>
    <Flow flowId="4" sourceAddress="10.1.1.5" destinationAddress="10.1.1.1" protocol="17" sourcePort="49153" destinationPort="9">
      <Dscp value="0x0" packets="10" />
    </Flow>
    <Flow flowId="5" sourceAddress="10.1.1.6" destinationAddress="10.1.1.1" protocol="17" sourcePort="49153" destinationPort="9">
      <Dscp value="0x0" packets="10" />
    </Flow>
    <Flow flowId="6" sourceAddress="10.1.1.7" destinationAddress="10.1.1.1" protocol="17" sourcePort="49153" destinationPort="9">
      <Dscp value="0x0" packets="10" />
    </Flow>
    <Flow flowId="7" sourceAddress="10.1.1.8" destinationAddress="10.1.1.1" protocol="17" sourcePort="49153" destinationPort="9">
      <Dscp value="0x0" packets="10" />
    </Flow>
    <Flow flowId="8" sourceAddress="10.1.1.9" destinationAddress="10.1.1.1" protocol="17" sourcePort="49153" destinationPort="9">
      <Dscp value="0x0" packets="10" />
    </Flow>
    <Flow flowId="9" sourceAddress="10.1.1.10" destinationAddress="10.1.1.1" protocol="17" sourcePort="49153" destinationPort="9">
      <Dscp value="0x0" packets="10" />
    </Flow>
    <Flow flowId="10" sourceAddress="10.1.1.11" destinationAddress="10.1.1.1" protocol="17" sourcePort="49153" destinationPort="9">
      <Dscp value="0x0" packets="10" />
    </Flow>
    <Flow flowId="11" sourceAddress="10.1.1.12" destinationAddress="10.1.1.1" protocol="17" sourcePort="49153" destinationPort="9">
      <Dscp value="0x0" packets="10" />
    </Flow>
    <Flow flowId="12" sourceAddress="10.1.1.13" destinationAddress="10.1.1.1" protocol="17" sourcePort="49153" destinationPort="9">
      <Dscp value="0x0" packets="10" />
    </Flow>
    <Flow flowId="13" sourceAddress="10.1.1.14" destinationAddress="10.1.1.1" protocol="17" sourcePort="49153" destinationPort="9">
      <Dscp value="0x0" packets="10" />
    </Flow>
    <Flow flowId="14" sourceAddress="10.1.1.15" destinationAddress="10.1.1.1" protocol="17" sourcePort="49153" destinationPort="9">
      <Dscp value="0x0" packets="10" />
    </Flow>
    <Flow flowId="15" sourceAddress="10.1.1.16" destinationAddress="10.1.1.1" protocol="17" sourcePort="49153" destinationPort="9">
      <Dscp value="0x0" packets="10" />
    </Flow>
    <Flow flowId="16" sourceAddress="10.1.1.17" destinationAddress="10.1.1.1" protocol="17" sourcePort="49153" destinationPort="9">
      <Dscp value="0x0" packets="10" />
    </Flow>
    <Flow flowId="17" sourceAddress="10.1.1.18" destinationAddress="10.1.1.1" protocol="17" sourcePort="49153" destinationPort="9">
      <Dscp value="0x0" packets="10" />
    </Flow>
    <Flow flowId="18" sourceAddress="10.1.1.19" destinationAddress="10.1.1.1" protocol="17" sourcePort="49153" destinationPort="9">
      <Dscp value="0x0" packets="10" />
    </Flow>
    <Flow flowId="19" sourceAddress="10.1.1.20" destinationAddress="10.1.1.1" protocol="17" sourcePort="49153" destinationPort="9">
      <Dscp value="0x0" packets="10" />
    </Flow>
    <Flow flowId="20" sourceAddress="10.1.1.21" destinationAddress="10.1.1.1" protocol="17" sourcePort="49153" destinationPort="9">
      <Dscp value="0x0" packets="10" />
    </Flow>
    <Flow flowId="21" sourceAddress="10.1.1.22" destinationAddress="10.1.1.1" protocol="17" sourcePort="49153" destinationPort="9">
      <Dscp value="0x0" packets="10" />
    </Flow>
    <Flow flowId="22" sourceAddress="10.1.1.23" destinationAddress="10.1.1.1" protocol="17" sourcePort="49153" destinationPort="9">
      <Dscp value="0x0" packets="10" />
    </Flow>
    <Flow flowId="23" sourceAddress="10.1.1.24" destinationAddress="10.1.1.1" protocol="17" sourcePort="49153" destinationPort="9">
      <Dscp value="0x0" packets="10" />
    </Flow>
    <Flow flowId="24" sourceAddress="10.1.1.25" destinationAddress="10.1.1.1" protocol="17" sourcePort="49153" destinationPort="9">
      <Dscp value="0x0" packets="10" />
    </Flow>
  </Ipv4FlowClassifier>
  <Ipv6FlowClassifier>
  </Ipv6FlowClassifier>
  <FlowProbes>
    <FlowProbe index="0">
      <FlowStats  flowId="1" packets="10" bytes="5400" delayFromFirstProbeSum="+1.84875e+07ns" >
      </FlowStats>
      <FlowStats  flowId="3" packets="10" bytes="5400" delayFromFirstProbeSum="+1.19528e+07ns" >
      </FlowStats>
      <FlowStats  flowId="4" packets="10" bytes="5400" delayFromFirstProbeSum="+1.81711e+07ns" >
      </FlowStats>
      <FlowStats  flowId="6" packets="10" bytes="5400" delayFromFirstProbeSum="+1.49276e+07ns" >
      </FlowStats>
      <FlowStats  flowId="7" packets="10" bytes="5400" delayFromFirstProbeSum="+1.92379e+07ns" >
      </FlowStats>
      <FlowStats  flowId="16" packets="10" bytes="5400" delayFromFirstProbeSum="+2.26252e+07ns" >
      </FlowStats>
      <FlowStats  flowId="25" packets="10" bytes="5400" delayFromFirstProbeSum="+0ns" >
      </FlowStats>
      <FlowStats  flowId="26" packets="10" bytes="5400" delayFromFirstProbeSum="+0ns" >
      </FlowStats>
      <FlowStats  flowId="27" packets="10" bytes="5400" delayFromFirstProbeSum="+0ns" >
      </FlowStats>
      <FlowStats  flowId="28" packets="10" bytes="5400" delayFromFirstProbeSum="+0ns" >
      </FlowStats>
      <FlowStats  flowId="29" packets="10" bytes="5400" delayFromFirstProbeSum="+0ns" >
      </FlowStats>
      <FlowStats  flowId="30" packets="10" bytes="5400" delayFromFirstProbeSum="+0ns" >
      </FlowStats>
    </FlowProbe>
    <FlowProbe index="1">
    </FlowProbe>
    <FlowProbe index="2">
      <FlowStats  flowId="1" packets="10" bytes="5400" delayFromFirstProbeSum="+0ns" >
      </FlowStats>
      <FlowStats  flowId="27" packets="10" bytes="5400" delayFromFirstProbeSum="+1.19021e+07ns" >
      </FlowStats>
    </FlowProbe>
    <FlowProbe index="3">
    </FlowProbe>
    <FlowProbe index="4">
      <FlowStats  flowId="2" packets="10" bytes="5400" delayFromFirstProbeSum="+0ns" >
      </FlowStats>
    </FlowProbe>
    <FlowProbe index="5">
    </FlowProbe>
    <FlowProbe index="6">
      <FlowStats  flowId="3" packets="10" bytes="5400" delayFromFirstProbeSum="+0ns" >
      </FlowStats>
      <FlowStats  flowId="25" packets="10" bytes="5400" delayFromFirstProbeSum="+1.68227e+07ns" >
      </FlowStats>
    </FlowProbe>
    <FlowProbe index="7">
    </FlowProbe>
    <FlowProbe index="8">
      <FlowStats  flowId="4" packets="10" bytes="5400" delayFromFirstProbeSum="+0ns" >
      </FlowStats>
      <FlowStats  flowId="29" packets="10" bytes="5400" delayFromFirstProbeSum="+1.13737e+07ns" >
      </FlowStats>
    </FlowProbe>
    <FlowProbe index="9">
    </FlowProbe>
    <FlowProbe index="10">
      <FlowStats  flowId="5" packets="10" bytes="5400" delayFromFirstProbeSum="+0ns" >
      </FlowStats>
    </FlowProbe>
    <FlowProbe index="11">
    </FlowProbe>
    <FlowProbe index="12">
      <FlowStats  flowId="6" packets="10" bytes="5400" delayFromFirstProbeSum="+0ns" >
      </FlowStats>
      <FlowStats  flowId="26" packets="10" bytes="5400" delayFromFirstProbeSum="+1.49646e+07ns" >
      </FlowStats>
    </FlowProbe>
    <FlowProbe index="13">
    </FlowProbe>
    <FlowProbe index="14">
      <FlowStats  flowId="7" packets="10" bytes="5400" delayFromFirstProbeSum="+0ns" >
      </FlowStats>
      <FlowStats  flowId="28" packets="10" bytes="5400" delayFromFirstProbeSum="+9.31656e+06ns" >
      </FlowStats>
    </FlowProbe>
    <FlowProbe index="15">
    </FlowProbe>
    <FlowProbe index="16">
      <FlowStats  flowId="8" packets="10" bytes="5400" delayFromFirstProbeSum="+0ns" >
      </FlowStats>
    </FlowProbe>
    <FlowProbe index="17">
    </FlowProbe>
    <FlowProbe index="18">
      <FlowStats  flowId="9" packets="10" bytes="5400" delayFromFirstProbeSum="+0ns" >
      </FlowStats>
    </FlowProbe>
    <FlowProbe index="19">
    </FlowProbe>
    <FlowProbe index="20">
      <FlowStats  flowId="10" packets="10" bytes="5400" delayFromFirstProbeSum="+0ns" >
      </FlowStats>
    </FlowProbe>
    <FlowProbe index="21">
    </FlowProbe>
    <FlowProbe index="22">
      <FlowStats  flowId="11" packets="10" bytes="5400" delayFromFirstProbeSum="+0ns" >
      </FlowStats>
    </FlowProbe>
    <FlowProbe index="23">
    </FlowProbe>
    <FlowProbe index="24">
      <FlowStats  flowId="12" packets="10" bytes="5400" delayFromFirstProbeSum="+0ns" >
      </FlowStats>
    </FlowProbe>
    <FlowProbe index="25">
    </FlowProbe>
    <FlowProbe index="26">
      <FlowStats  flowId="13" packets="10" bytes="5400" delayFromFirstProbeSum="+0ns" >
      </FlowStats>
    </FlowProbe>
    <FlowProbe index="27">
    </FlowProbe>
    <FlowProbe index="28">
      <FlowStats  flowId="14" packets="10" bytes="5400" delayFromFirstProbeSum="+0ns" >
      </FlowStats>
    </FlowProbe>
    <FlowProbe index="29">
    </FlowProbe>
    <FlowProbe index="30">
      <FlowStats  flowId="15" packets="10" bytes="5400" delayFromFirstProbeSum="+0ns" >
      </FlowStats>
    </FlowProbe>
    <FlowProbe index="31">
    </FlowProbe>
    <FlowProbe index="32">
      <FlowStats  flowId="16" packets="10" bytes="5400" delayFromFirstProbeSum="+0ns" >
      </FlowStats>
      <FlowStats  flowId="30" packets="10" bytes="5400" delayFromFirstProbeSum="+1.29124e+07ns" >
      </FlowStats>
    </FlowProbe>
    <FlowProbe index="33">
    </FlowProbe>
    <FlowProbe index="34">
      <FlowStats  flowId="17" packets="10" bytes="5400" delayFromFirstProbeSum="+0ns" >
      </FlowStats>
    </FlowProbe>
    <FlowProbe index="35">
    </FlowProbe>
    <FlowProbe index="36">
      <FlowStats  flowId="18" packets="10" bytes="5400" delayFromFirstProbeSum="+0ns" >
      </FlowStats>
    </FlowProbe>
    <FlowProbe index="37">
    </FlowProbe>
    <FlowProbe index="38">
      <FlowStats  flowId="19" packets="10" bytes="5400" delayFromFirstProbeSum="+0ns" >
      </FlowStats>
    </FlowProbe>
    <FlowProbe index="39">
    </FlowProbe>
    <FlowProbe index="40">
      <FlowStats  flowId="20" packets="10" bytes="5400" delayFromFirstProbeSum="+0ns" >
      </FlowStats>
    </FlowProbe>
    <FlowProbe index="41">
    </FlowProbe>
    <FlowProbe index="42">
      <FlowStats  flowId="21" packets="10" bytes="5400" delayFromFirstProbeSum="+0ns" >
      </FlowStats>
    </FlowProbe>
    <FlowProbe index="43">
    </FlowProbe>
    <FlowProbe index="44">
      <FlowStats  flowId="22" packets="10" bytes="5400" delayFromFirstProbeSum="+0ns" >
      </FlowStats>
    </FlowProbe>
    <FlowProbe index="45">
    </FlowProbe>
    <FlowProbe index="46">
      <FlowStats  flowId="23" packets="10" bytes="5400" delayFromFirstProbeSum="+0ns" >
      </FlowStats>
    </FlowProbe>
    <FlowProbe index="47">
    </FlowProbe>
    <FlowProbe index="48">
      <FlowStats  flowId="24" packets="10" bytes="5400" delayFromFirstProbeSum="+0ns" >
      </FlowStats>
    </FlowProbe>
    <FlowProbe index="49">
    </FlowProbe>
  </FlowProbes>
</FlowMonitor>
