<?xml version="1.0" ?>
<FlowMonitor>
  <FlowStats>
    <Flow flowId="1" timeFirstTxPacket="+2e+09ns" timeFirstRxPacket="+2.00424e+09ns" timeLastTxPacket="+1.1e+10ns" timeLastRxPacket="+1.10021e+10ns" delaySum="+1.64565e+07ns" jitterSum="+9.50291e+06ns" lastDelay="+2.1277e+06ns" txBytes="5400" rxBytes="5400" txPackets="10" rxPackets="10" lostPackets="0" timesForwarded="0">
      <delayHistogram nBins="5" >
        <bin index="0" start="0" width="0.001" count="3" />
        <bin index="1" start="0.001" width="0.001" count="4" />
        <bin index="2" start="0.002" width="0.001" count="2" />
        <bin index="4" start="0.004" width="0.001" count="1" />
      </delayHistogram>
      <jitterHistogram nBins="3" >
        <bin index="0" start="0" width="0.001" count="5" />
        <bin index="1" start="0.001" width="0.001" count="3" />
        <bin index="2" start="0.002" width="0.001" count="1" />
      </jitterHistogram>
      <packetSizeHistogram nBins="28" >
        <bin index="27" start="540" width="20" count="10" />
      </packetSizeHistogram>
      <flowInterruptionsHistogram nBins="5" >
        <bin index="3" start="0.75" width="0.25" count="5" />
        <bin index="4" start="1" width="0.25" count="4" />
      </flowInterruptionsHistogram>
    </Flow>
    <Flow flowId="2" timeFirstTxPacket="+2e+09ns" timeFirstRxPacket="+0ns" timeLastTxPacket="+1.1e+10ns" timeLastRxPacket="+0ns" delaySum="+0ns" jitterSum="+0ns" lastDelay="+0ns" txBytes="5400" rxBytes="0" txPackets="10" rxPackets="0" lostPackets="3" timesForwarded="0">
      <delayHistogram nBins="0" >
      </delayHistogram>
      <jitterHistogram nBins="0" >
      </jitterHistogram>
      <packetSizeHistogram nBins="0" >
      </packetSizeHistogram>
      <flowInterruptionsHistogram nBins="0" >
      </flowInterruptionsHistogram>
    </Flow>
    <Flow flowId="3" timeFirstTxPacket="+2e+09ns" timeFirstRxPacket="+2.00641e+09ns" timeLastTxPacket="+1.1e+10ns" timeLastRxPacket="+1.10006e+10ns" delaySum="+1.73023e+07ns" jitterSum="+1.03193e+07ns" lastDelay="+596135ns" txBytes="5400" rxBytes="5400" txPackets="10" rxPackets="10" lostPackets="0" timesForwarded="0">
      <delayHistogram nBins="7" >
        <bin index="0" start="0" width="0.001" count="3" />
        <bin index="1" start="0.001" width="0.001" count="5" />
        <bin index="2" start="0.002" width="0.001" count="1" />
        <bin index="6" start="0.006" width="0.001" count="1" />
      </delayHistogram>
      <jitterHistogram nBins="6" >
        <bin index="0" start="0" width="0.001" count="7" />
        <bin index="1" start="0.001" width="0.001" count="1" />
        <bin index="5" start="0.005" width="0.001" count="1" />
      </jitterHistogram>
      <packetSizeHistogram nBins="28" >
        <bin index="27" start="540" width="20" count="10" />
      </packetSizeHistogram>
      <flowInterruptionsHistogram nBins="5" >
        <bin index="3" start="0.75" width="0.25" count="4" />
        <bin index="4" start="1" width="0.25" count="5" />
      </flowInterruptionsHistogram>
    </Flow>
    <Flow flowId="4" timeFirstTxPacket="+2e+09ns" timeFirstRxPacket="+0ns" timeLastTxPacket="+1.1e+10ns" timeLastRxPacket="+0ns" delaySum="+0ns" jitterSum="+0ns" lastDelay="+0ns" txBytes="5400" rxBytes="0" txPackets="10" rxPackets="0" lostPackets="3" timesForwarded="0">
      <delayHistogram nBins="0" >
      </delayHistogram>
      <jitterHistogram nBins="0" >
      </jitterHistogram>
      <packetSizeHistogram nBins="0" >
      </packetSizeHistogram>
      <flowInterruptionsHistogram nBins="0" >
      </flowInterruptionsHistogram>
    </Flow>
    <Flow flowId="5" timeFirstTxPacket="+2e+09ns" timeFirstRxPacket="+2.00879e+09ns" timeLastTxPacket="+1.1e+10ns" timeLastRxPacket="+1.10002e+10ns" delaySum="+1.55415e+07ns" jitterSum="+1.25648e+07ns" lastDelay="+248022ns" txBytes="5400" rxBytes="5400" txPackets="10" rxPackets="10" lostPackets="0" timesForwarded="0">
      <delayHistogram nBins="9" >
        <bin index="0" start="0" width="0.001" count="7" />
        <bin index="1" start="0.001" width="0.001" count="1" />
        <bin index="2" start="0.002" width="0.001" count="1" />
        <bin index="8" start="0.008" width="0.001" count="1" />
      </delayHistogram>
      <jitterHistogram nBins="9" >
        <bin index="0" start="0" width="0.001" count="7" />
        <bin index="1" start="0.001" width="0.001" count="1" />
        <bin index="8" start="0.008" width="0.001" count="1" />
      </jitterHistogram>
      <packetSizeHistogram nBins="28" >
        <bin index="27" start="540" width="20" count="10" />
      </packetSizeHistogram>
      <flowInterruptionsHistogram nBins="5" >
        <bin index="3" start="0.75" width="0.25" count="5" />
        <bin index="4" start="1" width="0.25" count="4" />
      </flowInterruptionsHistogram>
    </Flow>
    <Flow flowId="6" timeFirstTxPacket="+2e+09ns" timeFirstRxPacket="+2.0102e+09ns" timeLastTxPacket="+1.1e+10ns" timeLastRxPacket="+1.10011e+10ns" delaySum="+1.81514e+07ns" jitterSum="+1.70899e+07ns" lastDelay="+1.08541e+06ns" txBytes="5400" rxBytes="5400" txPackets="10" rxPackets="10" lostPackets="0" timesForwarded="0">
      <delayHistogram nBins="11" >
        <bin index="0" start="0" width="0.001" count="6" />
        <bin index="1" start="0.001" width="0.001" count="2" />
        <bin index="2" start="0.002" width="0.001" count="1" />
        <bin index="10" start="0.01" width="0.001" count="1" />
      </delayHistogram>
      <jitterHistogram nBins="10" >
        <bin index="0" start="0" width="0.001" count="5" />
        <bin index="1" start="0.001" width="0.001" count="3" />
        <bin index="9" start="0.009" width="0.001" count="1" />
      </jitterHistogram>
      <packetSizeHistogram nBins="28" >
        <bin index="27" start="540" width="20" count="10" />
      </packetSizeHistogram>
      <flowInterruptionsHistogram nBins="5" >
        <bin index="3" start="0.75" width="0.25" count="4" />
        <bin index="4" start="1" width="0.25" count="5" />
      </flowInterruptionsHistogram>
    </Flow>
    <Flow flowId="7" timeFirstTxPacket="+2e+09ns" timeFirstRxPacket="+2.01212e+09ns" timeLastTxPacket="+1.1e+10ns" timeLastRxPacket="+1.10009e+10ns" delaySum="+2.03644e+07ns" jitterSum="+1.5034e+07ns" lastDelay="+922273ns" txBytes="5400" rxBytes="5400" txPackets="10" rxPackets="10" lostPackets="0" timesForwarded="0">
      <delayHistogram nBins="13" >
        <bin index="0" start="0" width="0.001" count="7" />
        <bin index="1" start="0.001" width="0.001" count="2" />
        <bin index="12" start="0.012" width="0.001" count="1" />
      </delayHistogram>
      <jitterHistogram nBins="11" >
        <bin index="0" start="0" width="0.001" count="7" />
        <bin index="1" start="0.001" width="0.001" count="1" />
        <bin index="10" start="0.01" width="0.001" count="1" />
      </jitterHistogram>
      <packetSizeHistogram nBins="28" >
        <bin index="27" start="540" width="20" count="10" />
      </packetSizeHistogram>
      <flowInterruptionsHistogram nBins="5" >
        <bin index="3" start="0.75" width="0.25" count="5" />
        <bin index="4" start="1" width="0.25" count="4" />
      </flowInterruptionsHistogram>
    </Flow>
    <Flow flowId="8" timeFirstTxPacket="+2e+09ns" timeFirstRxPacket="+0ns" timeLastTxPacket="+1.1e+10ns" timeLastRxPacket="+0ns" delaySum="+0ns" jitterSum="+0ns" lastDelay="+0ns" txBytes="5400" rxBytes="0" txPackets="10" rxPackets="0" lostPackets="3" timesForwarded="0">
      <delayHistogram nBins="0" >
      </delayHistogram>
      <jitterHistogram nBins="0" >
      </jitterHistogram>
      <packetSizeHistogram nBins="0" >
      </packetSizeHistogram>
      <flowInterruptionsHistogram nBins="0" >
      </flowInterruptionsHistogram>
    </Flow>
    <Flow flowId="9" timeFirstTxPacket="+2e+09ns" timeFirstRxPacket="+0ns" timeLastTxPacket="+1.1e+10ns" timeLastRxPacket="+0ns" delaySum="+0ns" jitterSum="+0ns" lastDelay="+0ns" txBytes="5400" rxBytes="0" txPackets="10" rxPackets="0" lostPackets="3" timesForwarded="0">
      <delayHistogram nBins="0" >
      </delayHistogram>
      <jitterHistogram nBins="0" >
      </jitterHistogram>
      <packetSizeHistogram nBins="0" >
      </packetSizeHistogram>
      <flowInterruptionsHistogram nBins="0" >
      </flowInterruptionsHistogram>
    </Flow>
    <Flow flowId="10" timeFirstTxPacket="+2.00424e+09ns" timeFirstRxPacket="+2.0115e+09ns" timeLastTxPacket="+1.10021e+10ns" timeLastRxPacket="+1.10023e+10ns" delaySum="+9.86439e+06ns" jitterSum="+9.64851e+06ns" lastDelay="+147017ns" txBytes="5400" rxBytes="5400" txPackets="10" rxPackets="10" lostPackets="0" timesForwarded="0">
      <delayHistogram nBins="8" >
        <bin index="0" start="0" width="0.001" count="8" />
        <bin index="1" start="0.001" width="0.001" count="1" />
        <bin index="7" start="0.007" width="0.001" count="1" />
      </delayHistogram>
      <jitterHistogram nBins="8" >
        <bin index="0" start="0" width="0.001" count="8" />
        <bin index="7" start="0.007" width="0.001" count="1" />
      </jitterHistogram>
      <packetSizeHistogram nBins="28" >
        <bin index="27" start="540" width="20" count="10" />
      </packetSizeHistogram>
      <flowInterruptionsHistogram nBins="5" >
        <bin index="3" start="0.75" width="0.25" count="5" />
        <bin index="4" start="1" width="0.25" count="4" />
      </flowInterruptionsHistogram>
    </Flow>
    <Flow flowId="11" timeFirstTxPacket="+2.00641e+09ns" timeFirstRxPacket="+2.01038e+09ns" timeLastTxPacket="+1.10006e+10ns" timeLastRxPacket="+1.10007e+10ns" delaySum="+8.03757e+06ns" jitterSum="+4.89547e+06ns" lastDelay="+147033ns" txBytes="5400" rxBytes="5400" txPackets="10" rxPackets="10" lostPackets="0" timesForwarded="0">
      <delayHistogram nBins="4" >
        <bin index="0" start="0" width="0.001" count="9" />
        <bin index="3" start="0.003" width="0.001" count="1" />
      </delayHistogram>
      <jitterHistogram nBins="4" >
        <bin index="0" start="0" width="0.001" count="8" />
        <bin index="3" start="0.003" width="0.001" count="1" />
      </jitterHistogram>
      <packetSizeHistogram nBins="28" >
        <bin index="27" start="540" width="20" count="10" />
      </packetSizeHistogram>
      <flowInterruptionsHistogram nBins="5" >
        <bin index="3" start="0.75" width="0.25" count="4" />
        <bin index="4" start="1" width="0.25" count="5" />
      </flowInterruptionsHistogram>
    </Flow>
    <Flow flowId="12" timeFirstTxPacket="+2.00879e+09ns" timeFirstRxPacket="+2.01725e+09ns" timeLastTxPacket="+1.10002e+10ns" timeLastRxPacket="+1.10004e+10ns" delaySum="+1.20767e+07ns" jitterSum="+1.01409e+07ns" lastDelay="+147047ns" txBytes="5400" rxBytes="5400" txPackets="10" rxPackets="10" lostPackets="0" timesForwarded="0">
      <delayHistogram nBins="9" >
        <bin index="0" start="0" width="0.001" count="9" />
        <bin index="8" start="0.008" width="0.001" count="1" />
      </delayHistogram>
      <jitterHistogram nBins="8" >
        <bin index="0" start="0" width="0.001" count="8" />
        <bin index="7" start="0.007" width="0.001" count="1" />
      </jitterHistogram>
      <packetSizeHistogram nBins="28" >
        <bin index="27" start="540" width="20" count="10" />
      </packetSizeHistogram>
      <flowInterruptionsHistogram nBins="5" >
        <bin index="3" start="0.75" width="0.25" count="5" />
        <bin index="4" start="1" width="0.25" count="4" />
      </flowInterruptionsHistogram>
    </Flow>
    <Flow flowId="13" timeFirstTxPacket="+2.0102e+09ns" timeFirstRxPacket="+2.01558e+09ns" timeLastTxPacket="+1.10011e+10ns" timeLastRxPacket="+1.10019e+10ns" delaySum="+8.66797e+06ns" jitterSum="+7.0814e+06ns" lastDelay="+823205ns" txBytes="5400" rxBytes="5400" txPackets="10" rxPackets="10" lostPackets="0" timesForwarded="0">
      <delayHistogram nBins="6" >
        <bin index="0" start="0" width="0.001" count="9" />
        <bin index="5" start="0.005" width="0.001" count="1" />
      </delayHistogram>
      <jitterHistogram nBins="6" >
        <bin index="0" start="0" width="0.001" count="8" />
        <bin index="5" start="0.005" width="0.001" count="1" />
      </jitterHistogram>
      <packetSizeHistogram nBins="28" >
        <bin index="27" start="540" width="20" count="10" />
      </packetSizeHistogram>
      <flowInterruptionsHistogram nBins="5" >
        <bin index="3" start="0.75" width="0.25" count="4" />
        <bin index="4" start="1" width="0.25" count="5" />
      </flowInterruptionsHistogram>
    </Flow>
    <Flow flowId="14" timeFirstTxPacket="+2.01212e+09ns" timeFirstRxPacket="+2.0206e+09ns" timeLastTxPacket="+1.10009e+10ns" timeLastRxPacket="+1.10017e+10ns" delaySum="+1.22039e+07ns" jitterSum="+9.57686e+06ns" lastDelay="+796203ns" txBytes="5400" rxBytes="5400" txPackets="10" rxPackets="10" lostPackets="0" timesForwarded="0">
      <delayHistogram nBins="9" >
        <bin index="0" start="0" width="0.001" count="9" />
        <bin index="8" start="0.008" width="0.001" count="1" />
      </delayHistogram>
      <jitterHistogram nBins="8" >
        <bin index="0" start="0" width="0.001" count="8" />
        <bin index="7" start="0.007" width="0.001" count="1" />
      </jitterHistogram>
      <packetSizeHistogram nBins="28" >
        <bin index="27" start="540" width="20" count="10" />
      </packetSizeHistogram>
      <flowInterruptionsHistogram nBins="5" >
        <bin index="3" start="0.75" width="0.25" count="5" />
        <bin index="4" start="1" width="0.25" count="4" />
      </flowInterruptionsHistogram>
    </Flow>
  </FlowStats>
  <Ipv4FlowClassifier>
    <Flow flowId="10" sourceAddress="10.1.1.1" destinationAddress="10.1.1.2" protocol="17" sourcePort="9" destinationPort="49153">
      <Dscp value="0x0" packets="10" />
    </Flow>
    <Flow flowId="11" sourceAddress="10.1.1.1" destinationAddress="10.1.1.4" protocol="17" sourcePort="9" destinationPort="49153">
      <Dscp value="0x0" packets="10" />
    </Flow>
    <Flow flowId="12" sourceAddress="10.1.1.1" destinationAddress="10.1.1.6" protocol="17" sourcePort="9" destinationPort="49153">
      <Dscp value="0x0" packets="10" />
    </Flow>
    <Flow flowId="13" sourceAddress="10.1.1.1" destinationAddress="10.1.1.7" protocol="17" sourcePort="9" destinationPort="49153">
      <Dscp value="0x0" packets="10" />
    </Flow>
    <Flow flowId="14" sourceAddress="10.1.1.1" destinationAddress="10.1.1.8" protocol="17" sourcePort="9" destinationPort="49153">
      <Dscp value="0x0" packets="10" />
    </Flow>
    <Flow flowId="1" sourceAddress="10.1.1.2" destinationAddress="10.1.1.1" protocol="17" sourcePort="49153" destinationPort="9">
      <Dscp value="0x0" packets="10" />
    </Flow>
    <Flow flowId="2" sourceAddress="10.1.1.3" destinationAddress="10.1.1.1" protocol="17" sourcePort="49153" destinationPort="9">
      <Dscp value="0x0" packets="10" />
    </Flow>
    <Flow flowId="3" sourceAddress="10.1.1.4" destinationAddress="10.1.1.1" protocol="17" sourcePort="49153" destinationPort="9">
      <Dscp value="0x0" packets="10" />
    </Flow>
    <Flow flowId="4" sourceAddress="10.1.1.5" destinationAddress="10.1.1.1" protocol="17" sourcePort="49153" destinationPort="9">
      <Dscp value="0x0" packets="10" />
    </Flow>
    <Flow flowId="5" sourceAddress="10.1.1.6" destinationAddress="10.1.1.1" protocol="17" sourcePort="49153" destinationPort="9">
      <Dscp value="0x0" packets="10" />
    </Flow>
    <Flow flowId="6" sourceAddress="10.1.1.7" destinationAddress="10.1.1.1" protocol="17" sourcePort="49153" destinationPort="9">
      <Dscp value="0x0" packets="10" />
    </Flow>
    <Flow flowId="7" sourceAddress="10.1.1.8" destinationAddress="10.1.1.1" protocol="17" sourcePort="49153" destinationPort="9">
      <Dscp value="0x0" packets="10" />
    </Flow>
    <Flow flowId="8" sourceAddress="10.1.1.9" destinationAddress="10.1.1.1" protocol="17" sourcePort="49153" destinationPort="9">
      <Dscp value="0x0" packets="10" />
    </Flow>
    <Flow flowId="9" sourceAddress="10.1.1.10" destinationAddress="10.1.1.1" protocol="17" sourcePort="49153" destinationPort="9">
      <Dscp value="0x0" packets="10" />
    </Flow>
  </Ipv4FlowClassifier>
  <Ipv6FlowClassifier>
  </Ipv6FlowClassifier>
  <FlowProbes>
    <FlowProbe index="0">
      <FlowStats  flowId="1" packets="10" bytes="5400" delayFromFirstProbeSum="+1.64565e+07ns" >
      </FlowStats>
      <FlowStats  flowId="3" packets="10" bytes="5400" delayFromFirstProbeSum="+1.73023e+07ns" >
      </FlowStats>
      <FlowStats  flowId="5" packets="10" bytes="5400" delayFromFirstProbeSum="+1.55415e+07ns" >
      </FlowStats>
      <FlowStats  flowId="6" packets="10" bytes="5400" delayFromFirstProbeSum="+1.81514e+07ns" >
      </FlowStats>
      <FlowStats  flowId="7" packets="10" bytes="5400" delayFromFirstProbeSum="+2.03644e+07ns" >
      </FlowStats>
      <FlowStats  flowId="10" packets="10" bytes="5400" delayFromFirstProbeSum="+0ns" >
      </FlowStats>
      <FlowStats  flowId="11" packets="10" bytes="5400" delayFromFirstProbeSum="+0ns" >
      </FlowStats>
      <FlowStats  flowId="12" packets="10" bytes="5400" delayFromFirstProbeSum="+0ns" >
      </FlowStats>
      <FlowStats  flowId="13" packets="10" bytes="5400" delayFromFirstProbeSum="+0ns" >
      </FlowStats>
      <FlowStats  flowId="14" packets="10" bytes="5400" delayFromFirstProbeSum="+0ns" >
      </FlowStats>
    </FlowProbe>
    <FlowProbe index="1">
    </FlowProbe>
    <FlowProbe index="2">
      <FlowStats  flowId="1" packets="10" bytes="5400" delayFromFirstProbeSum="+0ns" >
      </FlowStats>
      <FlowStats  flowId="10" packets="10" bytes="5400" delayFromFirstProbeSum="+9.86439e+06ns" >
      </FlowStats>
    </FlowProbe>
    <FlowProbe index="3">
    </FlowProbe>
    <FlowProbe index="4">
      <FlowStats  flowId="2" packets="10" bytes="5400" delayFromFirstProbeSum="+0ns" >
      </FlowStats>
    </FlowProbe>
    <FlowProbe index="5">
    </FlowProbe>
    <FlowProbe index="6">
      <FlowStats  flowId="3" packets="10" bytes="5400" delayFromFirstProbeSum="+0ns" >
      </FlowStats>
      <FlowStats  flowId="11" packets="10" bytes="5400" delayFromFirstProbeSum="+8.03757e+06ns" >
      </FlowStats>
    </FlowProbe>
    <FlowProbe index="7">
    </FlowProbe>
    <FlowProbe index="8">
      <FlowStats  flowId="4" packets="10" bytes="5400" delayFromFirstProbeSum="+0ns" >
      </FlowStats>
    </FlowProbe>
    <FlowProbe index="9">
    </FlowProbe>
    <FlowProbe index="10">
      <FlowStats  flowId="5" packets="10" bytes="5400" delayFromFirstProbeSum="+0ns" >
      </FlowStats>
      <FlowStats  flowId="12" packets="10" bytes="5400" delayFromFirstProbeSum="+1.20767e+07ns" >
      </FlowStats>
    </FlowProbe>
    <FlowProbe index="11">
    </FlowProbe>
    <FlowProbe index="12">
      <FlowStats  flowId="6" packets="10" bytes="5400" delayFromFirstProbeSum="+0ns" >
      </FlowStats>
      <FlowStats  flowId="13" packets="10" bytes="5400" delayFromFirstProbeSum="+8.66797e+06ns" >
      </FlowStats>
    </FlowProbe>
    <FlowProbe index="13">
    </FlowProbe>
    <FlowProbe index="14">
      <FlowStats  flowId="7" packets="10" bytes="5400" delayFromFirstProbeSum="+0ns" >
      </FlowStats>
      <FlowStats  flowId="14" packets="10" bytes="5400" delayFromFirstProbeSum="+1.22039e+07ns" >
      </FlowStats>
    </FlowProbe>
    <FlowProbe index="15">
    </FlowProbe>
    <FlowProbe index="16">
      <FlowStats  flowId="8" packets="10" bytes="5400" delayFromFirstProbeSum="+0ns" >
      </FlowStats>
    </FlowProbe>
    <FlowProbe index="17">
    </FlowProbe>
    <FlowProbe index="18">
      <FlowStats  flowId="9" packets="10" bytes="5400" delayFromFirstProbeSum="+0ns" >
      </FlowStats>
    </FlowProbe>
    <FlowProbe index="19">
    </FlowProbe>
  </FlowProbes>
</FlowMonitor>
