<?xml version="1.0" ?>
<FlowMonitor>
  <FlowStats>
    <Flow flowId="1" timeFirstTxPacket="+2e+09ns" timeFirstRxPacket="+2.01532e+09ns" timeLastTxPacket="+1.1e+10ns" timeLastRxPacket="+1.10035e+10ns" delaySum="+2.93852e+07ns" jitterSum="+2.16119e+07ns" lastDelay="+3.52715e+06ns" txBytes="5400" rxBytes="5400" txPackets="10" rxPackets="10" lostPackets="0" timesForwarded="0">
      <delayHistogram nBins="16" >
        <bin index="0" start="0" width="0.001" count="4" />
        <bin index="1" start="0.001" width="0.001" count="3" />
        <bin index="3" start="0.003" width="0.001" count="1" />
        <bin index="5" start="0.005" width="0.001" count="1" />
        <bin index="15" start="0.015" width="0.001" count="1" />
      </delayHistogram>
      <jitterHistogram nBins="10" >
        <bin index="0" start="0" width="0.001" count="3" />
        <bin index="1" start="0.001" width="0.001" count="3" />
        <bin index="3" start="0.003" width="0.001" count="1" />
        <bin index="4" start="0.004" width="0.001" count="1" />
        <bin index="9" start="0.009" width="0.001" count="1" />
      </jitterHistogram>
      <packetSizeHistogram nBins="28" >
        <bin index="27" start="540" width="20" count="10" />
      </packetSizeHistogram>
      <flowInterruptionsHistogram nBins="5" >
        <bin index="3" start="0.75" width="0.25" count="5" />
        <bin index="4" start="1" width="0.25" count="4" />
      </flowInterruptionsHistogram>
    </Flow>
    <Flow flowId="2" timeFirstTxPacket="+2e+09ns" timeFirstRxPacket="+0ns" timeLastTxPacket="+1.1e+10ns" timeLastRxPacket="+0ns" delaySum="+0ns" jitterSum="+0ns" lastDelay="+0ns" txBytes="5400" rxBytes="0" txPackets="10" rxPackets="0" lostPackets="3" timesForwarded="0">
      <delayHistogram nBins="0" >
      </delayHistogram>
      <jitterHistogram nBins="0" >
      </jitterHistogram>
      <packetSizeHistogram nBins="0" >
      </packetSizeHistogram>
      <flowInterruptionsHistogram nBins="0" >
      </flowInterruptionsHistogram>
    </Flow>
    <Flow flowId="3" timeFirstTxPacket="+2e+09ns" timeFirstRxPacket="+2.01763e+09ns" timeLastTxPacket="+1.1e+10ns" timeLastRxPacket="+1.10006e+10ns" delaySum="+3.44078e+07ns" jitterSum="+2.56346e+07ns" lastDelay="+579020ns" txBytes="5400" rxBytes="5400" txPackets="10" rxPackets="10" lostPackets="0" timesForwarded="0">
      <delayHistogram nBins="18" >
        <bin index="0" start="0" width="0.001" count="2" />
        <bin index="1" start="0.001" width="0.001" count="5" />
        <bin index="3" start="0.003" width="0.001" count="1" />
        <bin index="4" start="0.004" width="0.001" count="1" />
        <bin index="17" start="0.017" width="0.001" count="1" />
      </delayHistogram>
      <jitterHistogram nBins="17" >
        <bin index="0" start="0" width="0.001" count="3" />
        <bin index="1" start="0.001" width="0.001" count="3" />
        <bin index="2" start="0.002" width="0.001" count="2" />
        <bin index="16" start="0.016" width="0.001" count="1" />
      </jitterHistogram>
      <packetSizeHistogram nBins="28" >
        <bin index="27" start="540" width="20" count="10" />
      </packetSizeHistogram>
      <flowInterruptionsHistogram nBins="5" >
        <bin index="3" start="0.75" width="0.25" count="5" />
        <bin index="4" start="1" width="0.25" count="4" />
      </flowInterruptionsHistogram>
    </Flow>
    <Flow flowId="4" timeFirstTxPacket="+2e+09ns" timeFirstRxPacket="+2.01257e+09ns" timeLastTxPacket="+1.1e+10ns" timeLastRxPacket="+1.10002e+10ns" delaySum="+2.67104e+07ns" jitterSum="+2.26596e+07ns" lastDelay="+230933ns" txBytes="5400" rxBytes="5400" txPackets="10" rxPackets="10" lostPackets="0" timesForwarded="0">
      <delayHistogram nBins="13" >
        <bin index="0" start="0" width="0.001" count="4" />
        <bin index="1" start="0.001" width="0.001" count="2" />
        <bin index="2" start="0.002" width="0.001" count="2" />
        <bin index="4" start="0.004" width="0.001" count="1" />
        <bin index="12" start="0.012" width="0.001" count="1" />
      </delayHistogram>
      <jitterHistogram nBins="11" >
        <bin index="0" start="0" width="0.001" count="3" />
        <bin index="1" start="0.001" width="0.001" count="3" />
        <bin index="2" start="0.002" width="0.001" count="1" />
        <bin index="4" start="0.004" width="0.001" count="1" />
        <bin index="10" start="0.01" width="0.001" count="1" />
      </jitterHistogram>
      <packetSizeHistogram nBins="28" >
        <bin index="27" start="540" width="20" count="10" />
      </packetSizeHistogram>
      <flowInterruptionsHistogram nBins="5" >
        <bin index="3" start="0.75" width="0.25" count="5" />
        <bin index="4" start="1" width="0.25" count="4" />
      </flowInterruptionsHistogram>
    </Flow>
    <Flow flowId="5" timeFirstTxPacket="+2e+09ns" timeFirstRxPacket="+0ns" timeLastTxPacket="+1.1e+10ns" timeLastRxPacket="+0ns" delaySum="+0ns" jitterSum="+0ns" lastDelay="+0ns" txBytes="5400" rxBytes="0" txPackets="10" rxPackets="0" lostPackets="3" timesForwarded="0">
      <delayHistogram nBins="0" >
      </delayHistogram>
      <jitterHistogram nBins="0" >
      </jitterHistogram>
      <packetSizeHistogram nBins="0" >
      </packetSizeHistogram>
      <flowInterruptionsHistogram nBins="0" >
      </flowInterruptionsHistogram>
    </Flow>
    <Flow flowId="6" timeFirstTxPacket="+2e+09ns" timeFirstRxPacket="+2.00157e+09ns" timeLastTxPacket="+1.1e+10ns" timeLastRxPacket="+1.10018e+10ns" delaySum="+1.57471e+07ns" jitterSum="+9.36289e+06ns" lastDelay="+1.81198e+06ns" txBytes="5400" rxBytes="5400" txPackets="10" rxPackets="10" lostPackets="0" timesForwarded="0">
      <delayHistogram nBins="4" >
        <bin index="0" start="0" width="0.001" count="2" />
        <bin index="1" start="0.001" width="0.001" count="7" />
        <bin index="3" start="0.003" width="0.001" count="1" />
      </delayHistogram>
      <jitterHistogram nBins="3" >
        <bin index="0" start="0" width="0.001" count="5" />
        <bin index="1" start="0.001" width="0.001" count="2" />
        <bin index="2" start="0.002" width="0.001" count="2" />
      </jitterHistogram>
      <packetSizeHistogram nBins="28" >
        <bin index="27" start="540" width="20" count="10" />
      </packetSizeHistogram>
      <flowInterruptionsHistogram nBins="5" >
        <bin index="3" start="0.75" width="0.25" count="5" />
        <bin index="4" start="1" width="0.25" count="4" />
      </flowInterruptionsHistogram>
    </Flow>
    <Flow flowId="7" timeFirstTxPacket="+2e+09ns" timeFirstRxPacket="+0ns" timeLastTxPacket="+1.1e+10ns" timeLastRxPacket="+0ns" delaySum="+0ns" jitterSum="+0ns" lastDelay="+0ns" txBytes="5400" rxBytes="0" txPackets="10" rxPackets="0" lostPackets="3" timesForwarded="0">
      <delayHistogram nBins="0" >
      </delayHistogram>
      <jitterHistogram nBins="0" >
      </jitterHistogram>
      <packetSizeHistogram nBins="0" >
      </packetSizeHistogram>
      <flowInterruptionsHistogram nBins="0" >
      </flowInterruptionsHistogram>
    </Flow>
    <Flow flowId="8" timeFirstTxPacket="+2e+09ns" timeFirstRxPacket="+2.01383e+09ns" timeLastTxPacket="+1.1e+10ns" timeLastRxPacket="+1.10014e+10ns" delaySum="+2.9865e+07ns" jitterSum="+2.42602e+07ns" lastDelay="+1.44058e+06ns" txBytes="5400" rxBytes="5400" txPackets="10" rxPackets="10" lostPackets="0" timesForwarded="0">
      <delayHistogram nBins="14" >
        <bin index="0" start="0" width="0.001" count="3" />
        <bin index="1" start="0.001" width="0.001" count="4" />
        <bin index="3" start="0.003" width="0.001" count="2" />
        <bin index="13" start="0.013" width="0.001" count="1" />
      </delayHistogram>
      <jitterHistogram nBins="14" >
        <bin index="0" start="0" width="0.001" count="4" />
        <bin index="1" start="0.001" width="0.001" count="1" />
        <bin index="2" start="0.002" width="0.001" count="1" />
        <bin index="3" start="0.003" width="0.001" count="2" />
        <bin index="13" start="0.013" width="0.001" count="1" />
      </jitterHistogram>
      <packetSizeHistogram nBins="28" >
        <bin index="27" start="540" width="20" count="10" />
      </packetSizeHistogram>
      <flowInterruptionsHistogram nBins="5" >
        <bin index="3" start="0.75" width="0.25" count="4" />
        <bin index="4" start="1" width="0.25" count="5" />
      </flowInterruptionsHistogram>
    </Flow>
    <Flow flowId="9" timeFirstTxPacket="+2e+09ns" timeFirstRxPacket="+2.00365e+09ns" timeLastTxPacket="+1.1e+10ns" timeLastRxPacket="+1.10022e+10ns" delaySum="+1.99689e+07ns" jitterSum="+1.02006e+07ns" lastDelay="+2.19722e+06ns" txBytes="5400" rxBytes="5400" txPackets="10" rxPackets="10" lostPackets="0" timesForwarded="0">
      <delayHistogram nBins="4" >
        <bin index="0" start="0" width="0.001" count="1" />
        <bin index="1" start="0.001" width="0.001" count="4" />
        <bin index="2" start="0.002" width="0.001" count="3" />
        <bin index="3" start="0.003" width="0.001" count="2" />
      </delayHistogram>
      <jitterHistogram nBins="4" >
        <bin index="0" start="0" width="0.001" count="6" />
        <bin index="1" start="0.001" width="0.001" count="1" />
        <bin index="2" start="0.002" width="0.001" count="1" />
        <bin index="3" start="0.003" width="0.001" count="1" />
      </jitterHistogram>
      <packetSizeHistogram nBins="28" >
        <bin index="27" start="540" width="20" count="10" />
      </packetSizeHistogram>
      <flowInterruptionsHistogram nBins="5" >
        <bin index="3" start="0.75" width="0.25" count="6" />
        <bin index="4" start="1" width="0.25" count="3" />
      </flowInterruptionsHistogram>
    </Flow>
    <Flow flowId="10" timeFirstTxPacket="+2e+09ns" timeFirstRxPacket="+2.00918e+09ns" timeLastTxPacket="+1.1e+10ns" timeLastRxPacket="+1.10013e+10ns" delaySum="+3.0067e+07ns" jitterSum="+1.65568e+07ns" lastDelay="+1.25943e+06ns" txBytes="5400" rxBytes="5400" txPackets="10" rxPackets="10" lostPackets="0" timesForwarded="0">
      <delayHistogram nBins="10" >
        <bin index="0" start="0" width="0.001" count="2" />
        <bin index="1" start="0.001" width="0.001" count="1" />
        <bin index="2" start="0.002" width="0.001" count="4" />
        <bin index="4" start="0.004" width="0.001" count="2" />
        <bin index="9" start="0.009" width="0.001" count="1" />
      </delayHistogram>
      <jitterHistogram nBins="8" >
        <bin index="0" start="0" width="0.001" count="3" />
        <bin index="1" start="0.001" width="0.001" count="5" />
        <bin index="7" start="0.007" width="0.001" count="1" />
      </jitterHistogram>
      <packetSizeHistogram nBins="28" >
        <bin index="27" start="540" width="20" count="10" />
      </packetSizeHistogram>
      <flowInterruptionsHistogram nBins="5" >
        <bin index="3" start="0.75" width="0.25" count="5" />
        <bin index="4" start="1" width="0.25" count="4" />
      </flowInterruptionsHistogram>
    </Flow>
    <Flow flowId="11" timeFirstTxPacket="+2e+09ns" timeFirstRxPacket="+2.01006e+09ns" timeLastTxPacket="+1.1e+10ns" timeLastRxPacket="+1.10008e+10ns" delaySum="+2.96269e+07ns" jitterSum="+2.14912e+07ns" lastDelay="+758230ns" txBytes="5400" rxBytes="5400" txPackets="10" rxPackets="10" lostPackets="0" timesForwarded="0">
      <delayHistogram nBins="11" >
        <bin index="0" start="0" width="0.001" count="2" />
        <bin index="1" start="0.001" width="0.001" count="2" />
        <bin index="2" start="0.002" width="0.001" count="3" />
        <bin index="3" start="0.003" width="0.001" count="1" />
        <bin index="4" start="0.004" width="0.001" count="1" />
        <bin index="10" start="0.01" width="0.001" count="1" />
      </delayHistogram>
      <jitterHistogram nBins="8" >
        <bin index="0" start="0" width="0.001" count="1" />
        <bin index="1" start="0.001" width="0.001" count="4" />
        <bin index="2" start="0.002" width="0.001" count="1" />
        <bin index="3" start="0.003" width="0.001" count="2" />
        <bin index="7" start="0.007" width="0.001" count="1" />
      </jitterHistogram>
      <packetSizeHistogram nBins="28" >
        <bin index="27" start="540" width="20" count="10" />
      </packetSizeHistogram>
      <flowInterruptionsHistogram nBins="5" >
        <bin index="3" start="0.75" width="0.25" count="4" />
        <bin index="4" start="1" width="0.25" count="5" />
      </flowInterruptionsHistogram>
    </Flow>
    <Flow flowId="12" timeFirstTxPacket="+2e+09ns" timeFirstRxPacket="+2.01132e+09ns" timeLastTxPacket="+1.1e+10ns" timeLastRxPacket="+1.10016e+10ns" delaySum="+3.35198e+07ns" jitterSum="+1.81535e+07ns" lastDelay="+1.63585e+06ns" txBytes="5400" rxBytes="5400" txPackets="10" rxPackets="10" lostPackets="0" timesForwarded="0">
      <delayHistogram nBins="12" >
        <bin index="0" start="0" width="0.001" count="1" />
        <bin index="1" start="0.001" width="0.001" count="3" />
        <bin index="2" start="0.002" width="0.001" count="2" />
        <bin index="3" start="0.003" width="0.001" count="2" />
        <bin index="4" start="0.004" width="0.001" count="1" />
        <bin index="11" start="0.011" width="0.001" count="1" />
      </delayHistogram>
      <jitterHistogram nBins="8" >
        <bin index="0" start="0" width="0.001" count="4" />
        <bin index="1" start="0.001" width="0.001" count="2" />
        <bin index="2" start="0.002" width="0.001" count="2" />
        <bin index="7" start="0.007" width="0.001" count="1" />
      </jitterHistogram>
      <packetSizeHistogram nBins="28" >
        <bin index="27" start="540" width="20" count="10" />
      </packetSizeHistogram>
      <flowInterruptionsHistogram nBins="5" >
        <bin index="3" start="0.75" width="0.25" count="4" />
        <bin index="4" start="1" width="0.25" count="5" />
      </flowInterruptionsHistogram>
    </Flow>
    <Flow flowId="13" timeFirstTxPacket="+2e+09ns" timeFirstRxPacket="+2.00882e+09ns" timeLastTxPacket="+1.1e+10ns" timeLastRxPacket="+1.10027e+10ns" delaySum="+3.68876e+07ns" jitterSum="+2.0353e+07ns" lastDelay="+2.65451e+06ns" txBytes="5400" rxBytes="5400" txPackets="10" rxPackets="10" lostPackets="0" timesForwarded="0">
      <delayHistogram nBins="9" >
        <bin index="0" start="0" width="0.001" count="3" />
        <bin index="2" start="0.002" width="0.001" count="1" />
        <bin index="3" start="0.003" width="0.001" count="2" />
        <bin index="4" start="0.004" width="0.001" count="1" />
        <bin index="5" start="0.005" width="0.001" count="1" />
        <bin index="6" start="0.006" width="0.001" count="1" />
        <bin index="8" start="0.008" width="0.001" count="1" />
      </delayHistogram>
      <jitterHistogram nBins="6" >
        <bin index="0" start="0" width="0.001" count="2" />
        <bin index="1" start="0.001" width="0.001" count="1" />
        <bin index="2" start="0.002" width="0.001" count="4" />
        <bin index="3" start="0.003" width="0.001" count="1" />
        <bin index="5" start="0.005" width="0.001" count="1" />
      </jitterHistogram>
      <packetSizeHistogram nBins="28" >
        <bin index="27" start="540" width="20" count="10" />
      </packetSizeHistogram>
      <flowInterruptionsHistogram nBins="5" >
        <bin index="3" start="0.75" width="0.25" count="6" />
        <bin index="4" start="1" width="0.25" count="3" />
      </flowInterruptionsHistogram>
    </Flow>
    <Flow flowId="14" timeFirstTxPacket="+2e+09ns" timeFirstRxPacket="+2.0165e+09ns" timeLastTxPacket="+1.1e+10ns" timeLastRxPacket="+1.10029e+10ns" delaySum="+3.72683e+07ns" jitterSum="+2.40449e+07ns" lastDelay="+2.86279e+06ns" txBytes="5400" rxBytes="5400" txPackets="10" rxPackets="10" lostPackets="0" timesForwarded="0">
      <delayHistogram nBins="17" >
        <bin index="0" start="0" width="0.001" count="1" />
        <bin index="1" start="0.001" width="0.001" count="2" />
        <bin index="2" start="0.002" width="0.001" count="4" />
        <bin index="3" start="0.003" width="0.001" count="1" />
        <bin index="4" start="0.004" width="0.001" count="1" />
        <bin index="16" start="0.016" width="0.001" count="1" />
      </delayHistogram>
      <jitterHistogram nBins="13" >
        <bin index="0" start="0" width="0.001" count="3" />
        <bin index="1" start="0.001" width="0.001" count="3" />
        <bin index="2" start="0.002" width="0.001" count="1" />
        <bin index="3" start="0.003" width="0.001" count="1" />
        <bin index="12" start="0.012" width="0.001" count="1" />
      </jitterHistogram>
      <packetSizeHistogram nBins="28" >
        <bin index="27" start="540" width="20" count="10" />
      </packetSizeHistogram>
      <flowInterruptionsHistogram nBins="5" >
        <bin index="3" start="0.75" width="0.25" count="5" />
        <bin index="4" start="1" width="0.25" count="4" />
      </flowInterruptionsHistogram>
    </Flow>
    <Flow flowId="15" timeFirstTxPacket="+2e+09ns" timeFirstRxPacket="+0ns" timeLastTxPacket="+1.1e+10ns" timeLastRxPacket="+0ns" delaySum="+0ns" jitterSum="+0ns" lastDelay="+0ns" txBytes="5400" rxBytes="0" txPackets="10" rxPackets="0" lostPackets="3" timesForwarded="0">
      <delayHistogram nBins="0" >
      </delayHistogram>
      <jitterHistogram nBins="0" >
      </jitterHistogram>
      <packetSizeHistogram nBins="0" >
      </packetSizeHistogram>
      <flowInterruptionsHistogram nBins="0" >
      </flowInterruptionsHistogram>
    </Flow>
    <Flow flowId="16" timeFirstTxPacket="+2e+09ns" timeFirstRxPacket="+0ns" timeLastTxPacket="+1.1e+10ns" timeLastRxPacket="+0ns" delaySum="+0ns" jitterSum="+0ns" lastDelay="+0ns" txBytes="5400" rxBytes="0" txPackets="10" rxPackets="0" lostPackets="3" timesForwarded="0">
      <delayHistogram nBins="0" >
      </delayHistogram>
      <jitterHistogram nBins="0" >
      </jitterHistogram>
      <packetSizeHistogram nBins="0" >
      </packetSizeHistogram>
      <flowInterruptionsHistogram nBins="0" >
      </flowInterruptionsHistogram>
    </Flow>
    <Flow flowId="17" timeFirstTxPacket="+2e+09ns" timeFirstRxPacket="+0ns" timeLastTxPacket="+1.1e+10ns" timeLastRxPacket="+0ns" delaySum="+0ns" jitterSum="+0ns" lastDelay="+0ns" txBytes="5400" rxBytes="0" txPackets="10" rxPackets="0" lostPackets="3" timesForwarded="0">
      <delayHistogram nBins="0" >
      </delayHistogram>
      <jitterHistogram nBins="0" >
      </jitterHistogram>
      <packetSizeHistogram nBins="0" >
      </packetSizeHistogram>
      <flowInterruptionsHistogram nBins="0" >
      </flowInterruptionsHistogram>
    </Flow>
    <Flow flowId="18" timeFirstTxPacket="+2e+09ns" timeFirstRxPacket="+0ns" timeLastTxPacket="+1.1e+10ns" timeLastRxPacket="+0ns" delaySum="+0ns" jitterSum="+0ns" lastDelay="+0ns" txBytes="5400" rxBytes="0" txPackets="10" rxPackets="0" lostPackets="3" timesForwarded="0">
      <delayHistogram nBins="0" >
      </delayHistogram>
      <jitterHistogram nBins="0" >
      </jitterHistogram>
      <packetSizeHistogram nBins="0" >
      </packetSizeHistogram>
      <flowInterruptionsHistogram nBins="0" >
      </flowInterruptionsHistogram>
    </Flow>
    <Flow flowId="19" timeFirstTxPacket="+2e+09ns" timeFirstRxPacket="+0ns" timeLastTxPacket="+1.1e+10ns" timeLastRxPacket="+0ns" delaySum="+0ns" jitterSum="+0ns" lastDelay="+0ns" txBytes="5400" rxBytes="0" txPackets="10" rxPackets="0" lostPackets="3" timesForwarded="0">
      <delayHistogram nBins="0" >
      </delayHistogram>
      <jitterHistogram nBins="0" >
      </jitterHistogram>
      <packetSizeHistogram nBins="0" >
      </packetSizeHistogram>
      <flowInterruptionsHistogram nBins="0" >
      </flowInterruptionsHistogram>
    </Flow>
    <Flow flowId="20" timeFirstTxPacket="+2e+09ns" timeFirstRxPacket="+0ns" timeLastTxPacket="+1.1e+10ns" timeLastRxPacket="+0ns" delaySum="+0ns" jitterSum="+0ns" lastDelay="+0ns" txBytes="5400" rxBytes="0" txPackets="10" rxPackets="0" lostPackets="3" timesForwarded="0">
      <delayHistogram nBins="0" >
      </delayHistogram>
      <jitterHistogram nBins="0" >
      </jitterHistogram>
      <packetSizeHistogram nBins="0" >
      </packetSizeHistogram>
      <flowInterruptionsHistogram nBins="0" >
      </flowInterruptionsHistogram>
    </Flow>
    <Flow flowId="21" timeFirstTxPacket="+2e+09ns" timeFirstRxPacket="+0ns" timeLastTxPacket="+1.1e+10ns" timeLastRxPacket="+0ns" delaySum="+0ns" jitterSum="+0ns" lastDelay="+0ns" txBytes="5400" rxBytes="0" txPackets="10" rxPackets="0" lostPackets="3" timesForwarded="0">
      <delayHistogram nBins="0" >
      </delayHistogram>
      <jitterHistogram nBins="0" >
      </jitterHistogram>
      <packetSizeHistogram nBins="0" >
      </packetSizeHistogram>
      <flowInterruptionsHistogram nBins="0" >
      </flowInterruptionsHistogram>
    </Flow>
    <Flow flowId="22" timeFirstTxPacket="+2e+09ns" timeFirstRxPacket="+0ns" timeLastTxPacket="+1.1e+10ns" timeLastRxPacket="+0ns" delaySum="+0ns" jitterSum="+0ns" lastDelay="+0ns" txBytes="5400" rxBytes="0" txPackets="10" rxPackets="0" lostPackets="3" timesForwarded="0">
      <delayHistogram nBins="0" >
      </delayHistogram>
      <jitterHistogram nBins="0" >
      </jitterHistogram>
      <packetSizeHistogram nBins="0" >
      </packetSizeHistogram>
      <flowInterruptionsHistogram nBins="0" >
      </flowInterruptionsHistogram>
    </Flow>
    <Flow flowId="23" timeFirstTxPacket="+2e+09ns" timeFirstRxPacket="+0ns" timeLastTxPacket="+1.1e+10ns" timeLastRxPacket="+0ns" delaySum="+0ns" jitterSum="+0ns" lastDelay="+0ns" txBytes="5400" rxBytes="0" txPackets="10" rxPackets="0" lostPackets="3" timesForwarded="0">
      <delayHistogram nBins="0" >
      </delayHistogram>
      <jitterHistogram nBins="0" >
      </jitterHistogram>
      <packetSizeHistogram nBins="0" >
      </packetSizeHistogram>
      <flowInterruptionsHistogram nBins="0" >
      </flowInterruptionsHistogram>
    </Flow>
    <Flow flowId="24" timeFirstTxPacket="+2e+09ns" timeFirstRxPacket="+0ns" timeLastTxPacket="+1.1e+10ns" timeLastRxPacket="+0ns" delaySum="+0ns" jitterSum="+0ns" lastDelay="+0ns" txBytes="5400" rxBytes="0" txPackets="10" rxPackets="0" lostPackets="3" timesForwarded="0">
      <delayHistogram nBins="0" >
      </delayHistogram>
      <jitterHistogram nBins="0" >
      </jitterHistogram>
      <packetSizeHistogram nBins="0" >
      </packetSizeHistogram>
      <flowInterruptionsHistogram nBins="0" >
      </flowInterruptionsHistogram>
    </Flow>
    <Flow flowId="25" timeFirstTxPacket="+2e+09ns" timeFirstRxPacket="+0ns" timeLastTxPacket="+1.1e+10ns" timeLastRxPacket="+0ns" delaySum="+0ns" jitterSum="+0ns" lastDelay="+0ns" txBytes="5400" rxBytes="0" txPackets="10" rxPackets="0" lostPackets="3" timesForwarded="0">
      <delayHistogram nBins="0" >
      </delayHistogram>
      <jitterHistogram nBins="0" >
      </jitterHistogram>
      <packetSizeHistogram nBins="0" >
      </packetSizeHistogram>
      <flowInterruptionsHistogram nBins="0" >
      </flowInterruptionsHistogram>
    </Flow>
    <Flow flowId="26" timeFirstTxPacket="+2e+09ns" timeFirstRxPacket="+0ns" timeLastTxPacket="+1.1e+10ns" timeLastRxPacket="+0ns" delaySum="+0ns" jitterSum="+0ns" lastDelay="+0ns" txBytes="5400" rxBytes="0" txPackets="10" rxPackets="0" lostPackets="3" timesForwarded="0">
      <delayHistogram nBins="0" >
      </delayHistogram>
      <jitterHistogram nBins="0" >
      </jitterHistogram>
      <packetSizeHistogram nBins="0" >
      </packetSizeHistogram>
      <flowInterruptionsHistogram nBins="0" >
      </flowInterruptionsHistogram>
    </Flow>
    <Flow flowId="27" timeFirstTxPacket="+2.00157e+09ns" timeFirstRxPacket="+2.01785e+09ns" timeLastTxPacket="+1.10018e+10ns" timeLastRxPacket="+1.1004e+10ns" delaySum="+2.76428e+07ns" jitterSum="+2.23283e+07ns" lastDelay="+2.1405e+06ns" txBytes="5400" rxBytes="5400" txPackets="10" rxPackets="10" lostPackets="0" timesForwarded="0">
      <delayHistogram nBins="17" >
        <bin index="0" start="0" width="0.001" count="3" />
        <bin index="1" start="0.001" width="0.001" count="4" />
        <bin index="2" start="0.002" width="0.001" count="2" />
        <bin index="16" start="0.016" width="0.001" count="1" />
      </delayHistogram>
      <jitterHistogram nBins="17" >
        <bin index="0" start="0" width="0.001" count="6" />
        <bin index="1" start="0.001" width="0.001" count="2" />
        <bin index="16" start="0.016" width="0.001" count="1" />
      </jitterHistogram>
      <packetSizeHistogram nBins="28" >
        <bin index="27" start="540" width="20" count="10" />
      </packetSizeHistogram>
      <flowInterruptionsHistogram nBins="5" >
        <bin index="3" start="0.75" width="0.25" count="4" />
        <bin index="4" start="1" width="0.25" count="5" />
      </flowInterruptionsHistogram>
    </Flow>
    <Flow flowId="28" timeFirstTxPacket="+2.00365e+09ns" timeFirstRxPacket="+2.01853e+09ns" timeLastTxPacket="+1.10022e+10ns" timeLastRxPacket="+1.10042e+10ns" delaySum="+2.77118e+07ns" jitterSum="+1.92991e+07ns" lastDelay="+2.00643e+06ns" txBytes="5400" rxBytes="5400" txPackets="10" rxPackets="10" lostPackets="0" timesForwarded="0">
      <delayHistogram nBins="15" >
        <bin index="0" start="0" width="0.001" count="1" />
        <bin index="1" start="0.001" width="0.001" count="6" />
        <bin index="2" start="0.002" width="0.001" count="2" />
        <bin index="14" start="0.014" width="0.001" count="1" />
      </delayHistogram>
      <jitterHistogram nBins="14" >
        <bin index="0" start="0" width="0.001" count="6" />
        <bin index="1" start="0.001" width="0.001" count="2" />
        <bin index="13" start="0.013" width="0.001" count="1" />
      </jitterHistogram>
      <packetSizeHistogram nBins="28" >
        <bin index="27" start="540" width="20" count="10" />
      </packetSizeHistogram>
      <flowInterruptionsHistogram nBins="5" >
        <bin index="3" start="0.75" width="0.25" count="6" />
        <bin index="4" start="1" width="0.25" count="3" />
      </flowInterruptionsHistogram>
    </Flow>
    <Flow flowId="29" timeFirstTxPacket="+2.00882e+09ns" timeFirstRxPacket="+2.02028e+09ns" timeLastTxPacket="+1.10027e+10ns" timeLastRxPacket="+1.10044e+10ns" delaySum="+1.97457e+07ns" jitterSum="+1.64495e+07ns" lastDelay="+1.74437e+06ns" txBytes="5400" rxBytes="5400" txPackets="10" rxPackets="10" lostPackets="0" timesForwarded="0">
      <delayHistogram nBins="12" >
        <bin index="0" start="0" width="0.001" count="5" />
        <bin index="1" start="0.001" width="0.001" count="4" />
        <bin index="11" start="0.011" width="0.001" count="1" />
      </delayHistogram>
      <jitterHistogram nBins="12" >
        <bin index="0" start="0" width="0.001" count="6" />
        <bin index="1" start="0.001" width="0.001" count="2" />
        <bin index="11" start="0.011" width="0.001" count="1" />
      </jitterHistogram>
      <packetSizeHistogram nBins="28" >
        <bin index="27" start="540" width="20" count="10" />
      </packetSizeHistogram>
      <flowInterruptionsHistogram nBins="5" >
        <bin index="3" start="0.75" width="0.25" count="5" />
        <bin index="4" start="1" width="0.25" count="4" />
      </flowInterruptionsHistogram>
    </Flow>
    <Flow flowId="30" timeFirstTxPacket="+2.00918e+09ns" timeFirstRxPacket="+2.01982e+09ns" timeLastTxPacket="+1.10013e+10ns" timeLastRxPacket="+1.10031e+10ns" delaySum="+2.15267e+07ns" jitterSum="+1.4926e+07ns" lastDelay="+1.84045e+06ns" txBytes="5400" rxBytes="5400" txPackets="10" rxPackets="10" lostPackets="0" timesForwarded="0">
      <delayHistogram nBins="11" >
        <bin index="0" start="0" width="0.001" count="3" />
        <bin index="1" start="0.001" width="0.001" count="5" />
        <bin index="2" start="0.002" width="0.001" count="1" />
        <bin index="10" start="0.01" width="0.001" count="1" />
      </delayHistogram>
      <jitterHistogram nBins="9" >
        <bin index="0" start="0" width="0.001" count="5" />
        <bin index="1" start="0.001" width="0.001" count="3" />
        <bin index="8" start="0.008" width="0.001" count="1" />
      </jitterHistogram>
      <packetSizeHistogram nBins="28" >
        <bin index="27" start="540" width="20" count="10" />
      </packetSizeHistogram>
      <flowInterruptionsHistogram nBins="5" >
        <bin index="3" start="0.75" width="0.25" count="7" />
        <bin index="4" start="1" width="0.25" count="2" />
      </flowInterruptionsHistogram>
    </Flow>
    <Flow flowId="31" timeFirstTxPacket="+2.01006e+09ns" timeFirstRxPacket="+2.02057e+09ns" timeLastTxPacket="+1.10008e+10ns" timeLastRxPacket="+1.1002e+10ns" delaySum="+2.16444e+07ns" jitterSum="+1.48065e+07ns" lastDelay="+1.23286e+06ns" txBytes="5400" rxBytes="5400" txPackets="10" rxPackets="10" lostPackets="0" timesForwarded="0">
      <delayHistogram nBins="11" >
        <bin index="0" start="0" width="0.001" count="3" />
        <bin index="1" start="0.001" width="0.001" count="4" />
        <bin index="2" start="0.002" width="0.001" count="2" />
        <bin index="10" start="0.01" width="0.001" count="1" />
      </delayHistogram>
      <jitterHistogram nBins="9" >
        <bin index="0" start="0" width="0.001" count="5" />
        <bin index="1" start="0.001" width="0.001" count="3" />
        <bin index="8" start="0.008" width="0.001" count="1" />
      </jitterHistogram>
      <packetSizeHistogram nBins="28" >
        <bin index="27" start="540" width="20" count="10" />
      </packetSizeHistogram>
      <flowInterruptionsHistogram nBins="5" >
        <bin index="3" start="0.75" width="0.25" count="5" />
        <bin index="4" start="1" width="0.25" count="4" />
      </flowInterruptionsHistogram>
    </Flow>
    <Flow flowId="32" timeFirstTxPacket="+2.01132e+09ns" timeFirstRxPacket="+2.02173e+09ns" timeLastTxPacket="+1.10016e+10ns" timeLastRxPacket="+1.10037e+10ns" delaySum="+2.32782e+07ns" jitterSum="+1.46522e+07ns" lastDelay="+2.10443e+06ns" txBytes="5400" rxBytes="5400" txPackets="10" rxPackets="10" lostPackets="0" timesForwarded="0">
      <delayHistogram nBins="11" >
        <bin index="0" start="0" width="0.001" count="3" />
        <bin index="1" start="0.001" width="0.001" count="4" />
        <bin index="2" start="0.002" width="0.001" count="2" />
        <bin index="10" start="0.01" width="0.001" count="1" />
      </delayHistogram>
      <jitterHistogram nBins="9" >
        <bin index="0" start="0" width="0.001" count="5" />
        <bin index="1" start="0.001" width="0.001" count="3" />
        <bin index="8" start="0.008" width="0.001" count="1" />
      </jitterHistogram>
      <packetSizeHistogram nBins="28" >
        <bin index="27" start="540" width="20" count="10" />
      </packetSizeHistogram>
      <flowInterruptionsHistogram nBins="5" >
        <bin index="3" start="0.75" width="0.25" count="5" />
        <bin index="4" start="1" width="0.25" count="4" />
      </flowInterruptionsHistogram>
    </Flow>
    <Flow flowId="33" timeFirstTxPacket="+2.01257e+09ns" timeFirstRxPacket="+2.02302e+09ns" timeLastTxPacket="+1.10002e+10ns" timeLastRxPacket="+1.10004e+10ns" delaySum="+1.75348e+07ns" jitterSum="+1.51936e+07ns" lastDelay="+147037ns" txBytes="5400" rxBytes="5400" txPackets="10" rxPackets="10" lostPackets="0" timesForwarded="0">
      <delayHistogram nBins="11" >
        <bin index="0" start="0" width="0.001" count="6" />
        <bin index="1" start="0.001" width="0.001" count="3" />
        <bin index="10" start="0.01" width="0.001" count="1" />
      </delayHistogram>
      <jitterHistogram nBins="9" >
        <bin index="0" start="0" width="0.001" count="6" />
        <bin index="1" start="0.001" width="0.001" count="2" />
        <bin index="8" start="0.008" width="0.001" count="1" />
      </jitterHistogram>
      <packetSizeHistogram nBins="28" >
        <bin index="27" start="540" width="20" count="10" />
      </packetSizeHistogram>
      <flowInterruptionsHistogram nBins="5" >
        <bin index="3" start="0.75" width="0.25" count="5" />
        <bin index="4" start="1" width="0.25" count="4" />
      </flowInterruptionsHistogram>
    </Flow>
    <Flow flowId="34" timeFirstTxPacket="+2.01383e+09ns" timeFirstRxPacket="+3.00504e+09ns" timeLastTxPacket="+1.10014e+10ns" timeLastRxPacket="+1.10034e+10ns" delaySum="+1.00596e+09ns" jitterSum="+9.94748e+08ns" lastDelay="+1.93948e+06ns" txBytes="5400" rxBytes="5400" txPackets="10" rxPackets="10" lostPackets="0" timesForwarded="0">
      <delayHistogram nBins="992" >
        <bin index="0" start="0" width="0.001" count="2" />
        <bin index="1" start="0.001" width="0.001" count="6" />
        <bin index="4" start="0.004" width="0.001" count="1" />
        <bin index="991" start="0.991" width="0.001" count="1" />
      </delayHistogram>
      <jitterHistogram nBins="987" >
        <bin index="0" start="0" width="0.001" count="7" />
        <bin index="3" start="0.003" width="0.001" count="1" />
        <bin index="986" start="0.986" width="0.001" count="1" />
      </jitterHistogram>
      <packetSizeHistogram nBins="28" >
        <bin index="27" start="540" width="20" count="10" />
      </packetSizeHistogram>
      <flowInterruptionsHistogram nBins="5" >
        <bin index="3" start="0.75" width="0.25" count="4" />
        <bin index="4" start="1" width="0.25" count="4" />
      </flowInterruptionsHistogram>
    </Flow>
    <Flow flowId="35" timeFirstTxPacket="+2.01532e+09ns" timeFirstRxPacket="+2.02148e+09ns" timeLastTxPacket="+1.10035e+10ns" timeLastRxPacket="+1.10048e+10ns" delaySum="+1.42449e+07ns" jitterSum="+1.17276e+07ns" lastDelay="+1.31216e+06ns" txBytes="5400" rxBytes="5400" txPackets="10" rxPackets="10" lostPackets="0" timesForwarded="0">
      <delayHistogram nBins="7" >
        <bin index="0" start="0" width="0.001" count="4" />
        <bin index="1" start="0.001" width="0.001" count="5" />
        <bin index="6" start="0.006" width="0.001" count="1" />
      </delayHistogram>
      <jitterHistogram nBins="6" >
        <bin index="0" start="0" width="0.001" count="4" />
        <bin index="1" start="0.001" width="0.001" count="4" />
        <bin index="5" start="0.005" width="0.001" count="1" />
      </jitterHistogram>
      <packetSizeHistogram nBins="28" >
        <bin index="27" start="540" width="20" count="10" />
      </packetSizeHistogram>
      <flowInterruptionsHistogram nBins="5" >
        <bin index="3" start="0.75" width="0.25" count="5" />
        <bin index="4" start="1" width="0.25" count="4" />
      </flowInterruptionsHistogram>
    </Flow>
    <Flow flowId="36" timeFirstTxPacket="+2.0165e+09ns" timeFirstRxPacket="+2.02257e+09ns" timeLastTxPacket="+1.10029e+10ns" timeLastRxPacket="+1.10046e+10ns" delaySum="+1.92451e+07ns" jitterSum="+7.45821e+06ns" lastDelay="+1.76237e+06ns" txBytes="5400" rxBytes="5400" txPackets="10" rxPackets="10" lostPackets="0" timesForwarded="0">
      <delayHistogram nBins="7" >
        <bin index="1" start="0.001" width="0.001" count="8" />
        <bin index="2" start="0.002" width="0.001" count="1" />
        <bin index="6" start="0.006" width="0.001" count="1" />
      </delayHistogram>
      <jitterHistogram nBins="5" >
        <bin index="0" start="0" width="0.001" count="8" />
        <bin index="4" start="0.004" width="0.001" count="1" />
      </jitterHistogram>
      <packetSizeHistogram nBins="28" >
        <bin index="27" start="540" width="20" count="10" />
      </packetSizeHistogram>
      <flowInterruptionsHistogram nBins="5" >
        <bin index="3" start="0.75" width="0.25" count="5" />
        <bin index="4" start="1" width="0.25" count="4" />
      </flowInterruptionsHistogram>
    </Flow>
    <Flow flowId="37" timeFirstTxPacket="+2.01763e+09ns" timeFirstRxPacket="+3.00477e+09ns" timeLastTxPacket="+1.10006e+10ns" timeLastRxPacket="+1.10011e+10ns" delaySum="+9.99649e+08ns" jitterSum="+9.91933e+08ns" lastDelay="+501243ns" txBytes="5400" rxBytes="5400" txPackets="10" rxPackets="10" lostPackets="0" timesForwarded="0">
      <delayHistogram nBins="988" >
        <bin index="0" start="0" width="0.001" count="4" />
        <bin index="1" start="0.001" width="0.001" count="3" />
        <bin index="2" start="0.002" width="0.001" count="1" />
        <bin index="3" start="0.003" width="0.001" count="1" />
        <bin index="987" start="0.987" width="0.001" count="1" />
      </delayHistogram>
      <jitterHistogram nBins="984" >
        <bin index="0" start="0" width="0.001" count="6" />
        <bin index="1" start="0.001" width="0.001" count="1" />
        <bin index="2" start="0.002" width="0.001" count="1" />
        <bin index="983" start="0.983" width="0.001" count="1" />
      </jitterHistogram>
      <packetSizeHistogram nBins="28" >
        <bin index="27" start="540" width="20" count="10" />
      </packetSizeHistogram>
      <flowInterruptionsHistogram nBins="5" >
        <bin index="3" start="0.75" width="0.25" count="4" />
        <bin index="4" start="1" width="0.25" count="4" />
      </flowInterruptionsHistogram>
    </Flow>
  </FlowStats>
  <Ipv4FlowClassifier>
    <Flow flowId="35" sourceAddress="10.1.1.1" destinationAddress="10.1.1.2" protocol="17" sourcePort="9" destinationPort="49153">
      <Dscp value="0x0" packets="10" />
    </Flow>
    <Flow flowId="37" sourceAddress="10.1.1.1" destinationAddress="10.1.1.4" protocol="17" sourcePort="9" destinationPort="49153">
      <Dscp value="0x0" packets="10" />
    </Flow>
    <Flow flowId="33" sourceAddress="10.1.1.1" destinationAddress="10.1.1.5" protocol="17" sourcePort="9" destinationPort="49153">
      <Dscp value="0x0" packets="10" />
    </Flow>
    <Flow flowId="27" sourceAddress="10.1.1.1" destinationAddress="10.1.1.7" protocol="17" sourcePort="9" destinationPort="49153">
      <Dscp value="0x0" packets="10" />
    </Flow>
    <Flow flowId="34" sourceAddress="10.1.1.1" destinationAddress="10.1.1.9" protocol="17" sourcePort="9" destinationPort="49153">
      <Dscp value="0x0" packets="10" />
    </Flow>
    <Flow flowId="28" sourceAddress="10.1.1.1" destinationAddress="10.1.1.10" protocol="17" sourcePort="9" destinationPort="49153">
      <Dscp value="0x0" packets="10" />
    </Flow>
    <Flow flowId="30" sourceAddress="10.1.1.1" destinationAddress="10.1.1.11" protocol="17" sourcePort="9" destinationPort="49153">
      <Dscp value="0x0" packets="10" />
    </Flow>
    <Flow flowId="31" sourceAddress="10.1.1.1" destinationAddress="10.1.1.12" protocol="17" sourcePort="9" destinationPort="49153">
      <Dscp value="0x0" packets="10" />
    </Flow>
    <Flow flowId="32" sourceAddress="10.1.1.1" destinationAddress="10.1.1.13" protocol="17" sourcePort="9" destinationPort="49153">
      <Dscp value="0x0" packets="10" />
    </Flow>
    <Flow flowId="29" sourceAddress="10.1.1.1" destinationAddress="10.1.1.14" protocol="17" sourcePort="9" destinationPort="49153">
      <Dscp value="0x0" packets="10" />
    </Flow>
    <Flow flowId="36" sourceAddress="10.1.1.1" destinationAddress="10.1.1.15" protocol="17" sourcePort="9" destinationPort="49153">
      <Dscp value="0x0" packets="10" />
    </Flow>
    <Flow flowId="1" sourceAddress="10.1.1.2" destinationAddress="10.1.1.1" protocol="17" sourcePort="49153" destinationPort="9">
      <Dscp value="0x0" packets="10" />
    </Flow>
    <Flow flowId="2" sourceAddress="10.1.1.3" destinationAddress="10.1.1.1" protocol="17" sourcePort="49153" destinationPort="9">
      <Dscp value="0x0" packets="10" />
    </Flow>
    <Flow flowId="3" sourceAddress="10.1.1.4" destinationAddress="10.1.1.1" protocol="17" sourcePort="49153" destinationPort="9">
      <Dscp value="0x0" packets="10" />
    </Flow>
    <Flow flowId="4" sourceAddress="10.1.1.5" destinationAddress="10.1.1.1" protocol="17" sourcePort="49153" destinationPort="9">
      <Dscp value="0x0" packets="10" />
    </Flow>
    <Flow flowId="5" sourceAddress="10.1.1.6" destinationAddress="10.1.1.1" protocol="17" sourcePort="49153" destinationPort="9">
      <Dscp value="0x0" packets="10" />
    </Flow>
    <Flow flowId="6" sourceAddress="10.1.1.7" destinationAddress="10.1.1.1" protocol="17" sourcePort="49153" destinationPort="9">
      <Dscp value="0x0" packets="10" />
    </Flow>
    <Flow flowId="7" sourceAddress="10.1.1.8" destinationAddress="10.1.1.1" protocol="17" sourcePort="49153" destinationPort="9">
      <Dscp value="0x0" packets="10" />
    </Flow>
    <Flow flowId="8" sourceAddress="10.1.1.9" destinationAddress="10.1.1.1" protocol="17" sourcePort="49153" destinationPort="9">
      <Dscp value="0x0" packets="10" />
    </Flow>
    <Flow flowId="9" sourceAddress="10.1.1.10" destinationAddress="10.1.1.1" protocol="17" sourcePort="49153" destinationPort="9">
      <Dscp value="0x0" packets="10" />
    </Flow>
    <Flow flowId="10" sourceAddress="10.1.1.11" destinationAddress="10.1.1.1" protocol="17" sourcePort="49153" destinationPort="9">
      <Dscp value="0x0" packets="10" />
    </Flow>
    <Flow flowId="11" sourceAddress="10.1.1.12" destinationAddress="10.1.1.1" protocol="17" sourcePort="49153" destinationPort="9">
      <Dscp value="0x0" packets="10" />
    </Flow>
    <Flow flowId="12" sourceAddress="10.1.1.13" destinationAddress="10.1.1.1" protocol="17" sourcePort="49153" destinationPort="9">
      <Dscp value="0x0" packets="10" />
    </Flow>
    <Flow flowId="13" sourceAddress="10.1.1.14" destinationAddress="10.1.1.1" protocol="17" sourcePort="49153" destinationPort="9">
      <Dscp value="0x0" packets="10" />
    </Flow>
    <Flow flowId="14" sourceAddress="10.1.1.15" destinationAddress="10.1.1.1" protocol="17" sourcePort="49153" destinationPort="9">
      <Dscp value="0x0" packets="10" />
    </Flow>
    <Flow flowId="15" sourceAddress="10.1.1.16" destinationAddress="10.1.1.1" protocol="17" sourcePort="49153" destinationPort="9">
      <Dscp value="0x0" packets="10" />
    </Flow>
    <Flow flowId="16" sourceAddress="10.1.1.17" destinationAddress="10.1.1.1" protocol="17" sourcePort="49153" destinationPort="9">
      <Dscp value="0x0" packets="10" />
    </Flow>
    <Flow flowId="17" sourceAddress="10.1.1.18" destinationAddress="10.1.1.1" protocol="17" sourcePort="49153" destinationPort="9">
      <Dscp value="0x0" packets="10" />
    </Flow>
    <Flow flowId="18" sourceAddress="10.1.1.19" destinationAddress="10.1.1.1" protocol="17" sourcePort="49153" destinationPort="9">
      <Dscp value="0x0" packets="10" />
    </Flow>
    <Flow flowId="19" sourceAddress="10.1.1.20" destinationAddress="10.1.1.1" protocol="17" sourcePort="49153" destinationPort="9">
      <Dscp value="0x0" packets="10" />
    </Flow>
    <Flow flowId="20" sourceAddress="10.1.1.21" destinationAddress="10.1.1.1" protocol="17" sourcePort="49153" destinationPort="9">
      <Dscp value="0x0" packets="10" />
    </Flow>
    <Flow flowId="21" sourceAddress="10.1.1.22" destinationAddress="10.1.1.1" protocol="17" sourcePort="49153" destinationPort="9">
      <Dscp value="0x0" packets="10" />
    </Flow>
    <Flow flowId="22" sourceAddress="10.1.1.23" destinationAddress="10.1.1.1" protocol="17" sourcePort="49153" destinationPort="9">
      <Dscp value="0x0" packets="10" />
    </Flow>
    <Flow flowId="23" sourceAddress="10.1.1.24" destinationAddress="10.1.1.1" protocol="17" sourcePort="49153" destinationPort="9">
      <Dscp value="0x0" packets="10" />
    </Flow>
    <Flow flowId="24" sourceAddress="10.1.1.25" destinationAddress="10.1.1.1" protocol="17" sourcePort="49153" destinationPort="9">
      <Dscp value="0x0" packets="10" />
    </Flow>
    <Flow flowId="25" sourceAddress="10.1.1.26" destinationAddress="10.1.1.1" protocol="17" sourcePort="49153" destinationPort="9">
      <Dscp value="0x0" packets="10" />
    </Flow>
    <Flow flowId="26" sourceAddress="10.1.1.27" destinationAddress="10.1.1.1" protocol="17" sourcePort="49153" destinationPort="9">
      <Dscp value="0x0" packets="10" />
    </Flow>
  </Ipv4FlowClassifier>
  <Ipv6FlowClassifier>
  </Ipv6FlowClassifier>
  <FlowProbes>
    <FlowProbe index="0">
      <FlowStats  flowId="1" packets="10" bytes="5400" delayFromFirstProbeSum="+2.93852e+07ns" >
      </FlowStats>
      <FlowStats  flowId="3" packets="10" bytes="5400" delayFromFirstProbeSum="+3.44078e+07ns" >
      </FlowStats>
      <FlowStats  flowId="4" packets="10" bytes="5400" delayFromFirstProbeSum="+2.67104e+07ns" >
      </FlowStats>
      <FlowStats  flowId="6" packets="10" bytes="5400" delayFromFirstProbeSum="+1.57471e+07ns" >
      </FlowStats>
      <FlowStats  flowId="8" packets="10" bytes="5400" delayFromFirstProbeSum="+2.9865e+07ns" >
      </FlowStats>
      <FlowStats  flowId="9" packets="10" bytes="5400" delayFromFirstProbeSum="+1.99689e+07ns" >
      </FlowStats>
      <FlowStats  flowId="10" packets="10" bytes="5400" delayFromFirstProbeSum="+3.0067e+07ns" >
      </FlowStats>
      <FlowStats  flowId="11" packets="10" bytes="5400" delayFromFirstProbeSum="+2.96269e+07ns" >
      </FlowStats>
      <FlowStats  flowId="12" packets="10" bytes="5400" delayFromFirstProbeSum="+3.35198e+07ns" >
      </FlowStats>
      <FlowStats  flowId="13" packets="10" bytes="5400" delayFromFirstProbeSum="+3.68876e+07ns" >
      </FlowStats>
      <FlowStats  flowId="14" packets="10" bytes="5400" delayFromFirstProbeSum="+3.72683e+07ns" >
      </FlowStats>
      <FlowStats  flowId="27" packets="10" bytes="5400" delayFromFirstProbeSum="+0ns" >
      </FlowStats>
      <FlowStats  flowId="28" packets="10" bytes="5400" delayFromFirstProbeSum="+0ns" >
      </FlowStats>
      <FlowStats  flowId="29" packets="10" bytes="5400" delayFromFirstProbeSum="+0ns" >
      </FlowStats>
      <FlowStats  flowId="30" packets="10" bytes="5400" delayFromFirstProbeSum="+0ns" >
      </FlowStats>
      <FlowStats  flowId="31" packets="10" bytes="5400" delayFromFirstProbeSum="+0ns" >
      </FlowStats>
      <FlowStats  flowId="32" packets="10" bytes="5400" delayFromFirstProbeSum="+0ns" >
      </FlowStats>
      <FlowStats  flowId="33" packets="10" bytes="5400" delayFromFirstProbeSum="+0ns" >
      </FlowStats>
      <FlowStats  flowId="34" packets="10" bytes="5400" delayFromFirstProbeSum="+0ns" >
      </FlowStats>
      <FlowStats  flowId="35" packets="10" bytes="5400" delayFromFirstProbeSum="+0ns" >
      </FlowStats>
      <FlowStats  flowId="36" packets="10" bytes="5400" delayFromFirstProbeSum="+0ns" >
      </FlowStats>
      <FlowStats  flowId="37" packets="10" bytes="5400" delayFromFirstProbeSum="+0ns" >
      </FlowStats>
    </FlowProbe>
    <FlowProbe index="1">
    </FlowProbe>
    <FlowProbe index="2">
      <FlowStats  flowId="1" packets="10" bytes="5400" delayFromFirstProbeSum="+0ns" >
      </FlowStats>
      <FlowStats  flowId="35" packets="10" bytes="5400" delayFromFirstProbeSum="+1.42449e+07ns" >
      </FlowStats>
    </FlowProbe>
    <FlowProbe index="3">
    </FlowProbe>
    <FlowProbe index="4">
      <FlowStats  flowId="2" packets="10" bytes="5400" delayFromFirstProbeSum="+0ns" >
      </FlowStats>
    </FlowProbe>
    <FlowProbe index="5">
    </FlowProbe>
    <FlowProbe index="6">
      <FlowStats  flowId="3" packets="10" bytes="5400" delayFromFirstProbeSum="+0ns" >
      </FlowStats>
      <FlowStats  flowId="37" packets="10" bytes="5400" delayFromFirstProbeSum="+9.99649e+08ns" >
      </FlowStats>
    </FlowProbe>
    <FlowProbe index="7">
    </FlowProbe>
    <FlowProbe index="8">
      <FlowStats  flowId="4" packets="10" bytes="5400" delayFromFirstProbeSum="+0ns" >
      </FlowStats>
      <FlowStats  flowId="33" packets="10" bytes="5400" delayFromFirstProbeSum="+1.75348e+07ns" >
      </FlowStats>
    </FlowProbe>
    <FlowProbe index="9">
    </FlowProbe>
    <FlowProbe index="10">
      <FlowStats  flowId="5" packets="10" bytes="5400" delayFromFirstProbeSum="+0ns" >
      </FlowStats>
    </FlowProbe>
    <FlowProbe index="11">
    </FlowProbe>
    <FlowProbe index="12">
      <FlowStats  flowId="6" packets="10" bytes="5400" delayFromFirstProbeSum="+0ns" >
      </FlowStats>
      <FlowStats  flowId="27" packets="10" bytes="5400" delayFromFirstProbeSum="+2.76428e+07ns" >
      </FlowStats>
    </FlowProbe>
    <FlowProbe index="13">
    </FlowProbe>
    <FlowProbe index="14">
      <FlowStats  flowId="7" packets="10" bytes="5400" delayFromFirstProbeSum="+0ns" >
      </FlowStats>
    </FlowProbe>
    <FlowProbe index="15">
    </FlowProbe>
    <FlowProbe index="16">
      <FlowStats  flowId="8" packets="10" bytes="5400" delayFromFirstProbeSum="+0ns" >
      </FlowStats>
      <FlowStats  flowId="34" packets="10" bytes="5400" delayFromFirstProbeSum="+1.00596e+09ns" >
      </FlowStats>
    </FlowProbe>
    <FlowProbe index="17">
    </FlowProbe>
    <FlowProbe index="18">
      <FlowStats  flowId="9" packets="10" bytes="5400" delayFromFirstProbeSum="+0ns" >
      </FlowStats>
      <FlowStats  flowId="28" packets="10" bytes="5400" delayFromFirstProbeSum="+2.77118e+07ns" >
      </FlowStats>
    </FlowProbe>
    <FlowProbe index="19">
    </FlowProbe>
    <FlowProbe index="20">
      <FlowStats  flowId="10" packets="10" bytes="5400" delayFromFirstProbeSum="+0ns" >
      </FlowStats>
      <FlowStats  flowId="30" packets="10" bytes="5400" delayFromFirstProbeSum="+2.15267e+07ns" >
      </FlowStats>
    </FlowProbe>
    <FlowProbe index="21">
    </FlowProbe>
    <FlowProbe index="22">
      <FlowStats  flowId="11" packets="10" bytes="5400" delayFromFirstProbeSum="+0ns" >
      </FlowStats>
      <FlowStats  flowId="31" packets="10" bytes="5400" delayFromFirstProbeSum="+2.16444e+07ns" >
      </FlowStats>
    </FlowProbe>
    <FlowProbe index="23">
    </FlowProbe>
    <FlowProbe index="24">
      <FlowStats  flowId="12" packets="10" bytes="5400" delayFromFirstProbeSum="+0ns" >
      </FlowStats>
      <FlowStats  flowId="32" packets="10" bytes="5400" delayFromFirstProbeSum="+2.32782e+07ns" >
      </FlowStats>
    </FlowProbe>
    <FlowProbe index="25">
    </FlowProbe>
    <FlowProbe index="26">
      <FlowStats  flowId="13" packets="10" bytes="5400" delayFromFirstProbeSum="+0ns" >
      </FlowStats>
      <FlowStats  flowId="29" packets="10" bytes="5400" delayFromFirstProbeSum="+1.97457e+07ns" >
      </FlowStats>
    </FlowProbe>
    <FlowProbe index="27">
    </FlowProbe>
    <FlowProbe index="28">
      <FlowStats  flowId="14" packets="10" bytes="5400" delayFromFirstProbeSum="+0ns" >
      </FlowStats>
      <FlowStats  flowId="36" packets="10" bytes="5400" delayFromFirstProbeSum="+1.92451e+07ns" >
      </FlowStats>
    </FlowProbe>
    <FlowProbe index="29">
    </FlowProbe>
    <FlowProbe index="30">
      <FlowStats  flowId="15" packets="10" bytes="5400" delayFromFirstProbeSum="+0ns" >
      </FlowStats>
    </FlowProbe>
    <FlowProbe index="31">
    </FlowProbe>
    <FlowProbe index="32">
      <FlowStats  flowId="16" packets="10" bytes="5400" delayFromFirstProbeSum="+0ns" >
      </FlowStats>
    </FlowProbe>
    <FlowProbe index="33">
    </FlowProbe>
    <FlowProbe index="34">
      <FlowStats  flowId="17" packets="10" bytes="5400" delayFromFirstProbeSum="+0ns" >
      </FlowStats>
    </FlowProbe>
    <FlowProbe index="35">
    </FlowProbe>
    <FlowProbe index="36">
      <FlowStats  flowId="18" packets="10" bytes="5400" delayFromFirstProbeSum="+0ns" >
      </FlowStats>
    </FlowProbe>
    <FlowProbe index="37">
    </FlowProbe>
    <FlowProbe index="38">
      <FlowStats  flowId="19" packets="10" bytes="5400" delayFromFirstProbeSum="+0ns" >
      </FlowStats>
    </FlowProbe>
    <FlowProbe index="39">
    </FlowProbe>
    <FlowProbe index="40">
      <FlowStats  flowId="20" packets="10" bytes="5400" delayFromFirstProbeSum="+0ns" >
      </FlowStats>
    </FlowProbe>
    <FlowProbe index="41">
    </FlowProbe>
    <FlowProbe index="42">
      <FlowStats  flowId="21" packets="10" bytes="5400" delayFromFirstProbeSum="+0ns" >
      </FlowStats>
    </FlowProbe>
    <FlowProbe index="43">
    </FlowProbe>
    <FlowProbe index="44">
      <FlowStats  flowId="22" packets="10" bytes="5400" delayFromFirstProbeSum="+0ns" >
      </FlowStats>
    </FlowProbe>
    <FlowProbe index="45">
    </FlowProbe>
    <FlowProbe index="46">
      <FlowStats  flowId="23" packets="10" bytes="5400" delayFromFirstProbeSum="+0ns" >
      </FlowStats>
    </FlowProbe>
    <FlowProbe index="47">
    </FlowProbe>
    <FlowProbe index="48">
      <FlowStats  flowId="24" packets="10" bytes="5400" delayFromFirstProbeSum="+0ns" >
      </FlowStats>
    </FlowProbe>
    <FlowProbe index="49">
    </FlowProbe>
    <FlowProbe index="50">
      <FlowStats  flowId="25" packets="10" bytes="5400" delayFromFirstProbeSum="+0ns" >
      </FlowStats>
    </FlowProbe>
    <FlowProbe index="51">
    </FlowProbe>
    <FlowProbe index="52">
      <FlowStats  flowId="26" packets="10" bytes="5400" delayFromFirstProbeSum="+0ns" >
      </FlowStats>
    </FlowProbe>
    <FlowProbe index="53">
    </FlowProbe>
  </FlowProbes>
</FlowMonitor>
