<?xml version="1.0" ?>
<FlowMonitor>
  <FlowStats>
    <Flow flowId="1" timeFirstTxPacket="+2e+09ns" timeFirstRxPacket="+2.00145e+09ns" timeLastTxPacket="+1.1e+10ns" timeLastRxPacket="+1.10012e+10ns" delaySum="+1.32016e+07ns" jitterSum="+5.68444e+06ns" lastDelay="+1.20213e+06ns" txBytes="5400" rxBytes="5400" txPackets="10" rxPackets="10" lostPackets="0" timesForwarded="0">
      <delayHistogram nBins="4" >
        <bin index="0" start="0" width="0.001" count="2" />
        <bin index="1" start="0.001" width="0.001" count="7" />
        <bin index="3" start="0.003" width="0.001" count="1" />
      </delayHistogram>
      <jitterHistogram nBins="3" >
        <bin index="0" start="0" width="0.001" count="7" />
        <bin index="1" start="0.001" width="0.001" count="1" />
        <bin index="2" start="0.002" width="0.001" count="1" />
      </jitterHistogram>
      <packetSizeHistogram nBins="28" >
        <bin index="27" start="540" width="20" count="10" />
      </packetSizeHistogram>
      <flowInterruptionsHistogram nBins="5" >
        <bin index="3" start="0.75" width="0.25" count="4" />
        <bin index="4" start="1" width="0.25" count="5" />
      </flowInterruptionsHistogram>
    </Flow>
    <Flow flowId="2" timeFirstTxPacket="+2e+09ns" timeFirstRxPacket="+2.00876e+09ns" timeLastTxPacket="+1.1e+10ns" timeLastRxPacket="+1.10002e+10ns" delaySum="+2.16046e+07ns" jitterSum="+1.30409e+07ns" lastDelay="+212961ns" txBytes="5400" rxBytes="5400" txPackets="10" rxPackets="10" lostPackets="0" timesForwarded="0">
      <delayHistogram nBins="9" >
        <bin index="0" start="0" width="0.001" count="2" />
        <bin index="1" start="0.001" width="0.001" count="5" />
        <bin index="2" start="0.002" width="0.001" count="2" />
        <bin index="8" start="0.008" width="0.001" count="1" />
      </delayHistogram>
      <jitterHistogram nBins="7" >
        <bin index="0" start="0" width="0.001" count="5" />
        <bin index="1" start="0.001" width="0.001" count="3" />
        <bin index="6" start="0.006" width="0.001" count="1" />
      </jitterHistogram>
      <packetSizeHistogram nBins="28" >
        <bin index="27" start="540" width="20" count="10" />
      </packetSizeHistogram>
      <flowInterruptionsHistogram nBins="5" >
        <bin index="3" start="0.75" width="0.25" count="6" />
        <bin index="4" start="1" width="0.25" count="3" />
      </flowInterruptionsHistogram>
    </Flow>
    <Flow flowId="3" timeFirstTxPacket="+2e+09ns" timeFirstRxPacket="+0ns" timeLastTxPacket="+1.1e+10ns" timeLastRxPacket="+0ns" delaySum="+0ns" jitterSum="+0ns" lastDelay="+0ns" txBytes="5400" rxBytes="0" txPackets="10" rxPackets="0" lostPackets="3" timesForwarded="0">
      <delayHistogram nBins="0" >
      </delayHistogram>
      <jitterHistogram nBins="0" >
      </jitterHistogram>
      <packetSizeHistogram nBins="0" >
      </packetSizeHistogram>
      <flowInterruptionsHistogram nBins="0" >
      </flowInterruptionsHistogram>
    </Flow>
    <Flow flowId="4" timeFirstTxPacket="+2e+09ns" timeFirstRxPacket="+2.00733e+09ns" timeLastTxPacket="+1.1e+10ns" timeLastRxPacket="+1.10013e+10ns" delaySum="+2.27484e+07ns" jitterSum="+1.31066e+07ns" lastDelay="+1.34921e+06ns" txBytes="5400" rxBytes="5400" txPackets="10" rxPackets="10" lostPackets="0" timesForwarded="0">
      <delayHistogram nBins="8" >
        <bin index="0" start="0" width="0.001" count="1" />
        <bin index="1" start="0.001" width="0.001" count="5" />
        <bin index="2" start="0.002" width="0.001" count="3" />
        <bin index="7" start="0.007" width="0.001" count="1" />
      </delayHistogram>
      <jitterHistogram nBins="7" >
        <bin index="0" start="0" width="0.001" count="4" />
        <bin index="1" start="0.001" width="0.001" count="4" />
        <bin index="6" start="0.006" width="0.001" count="1" />
      </jitterHistogram>
      <packetSizeHistogram nBins="28" >
        <bin index="27" start="540" width="20" count="10" />
      </packetSizeHistogram>
      <flowInterruptionsHistogram nBins="5" >
        <bin index="3" start="0.75" width="0.25" count="5" />
        <bin index="4" start="1" width="0.25" count="4" />
      </flowInterruptionsHistogram>
    </Flow>
    <Flow flowId="5" timeFirstTxPacket="+2e+09ns" timeFirstRxPacket="+2.01277e+09ns" timeLastTxPacket="+1.1e+10ns" timeLastRxPacket="+1.10015e+10ns" delaySum="+2.20179e+07ns" jitterSum="+1.78676e+07ns" lastDelay="+1.5233e+06ns" txBytes="5400" rxBytes="5400" txPackets="10" rxPackets="10" lostPackets="0" timesForwarded="0">
      <delayHistogram nBins="13" >
        <bin index="0" start="0" width="0.001" count="4" />
        <bin index="1" start="0.001" width="0.001" count="5" />
        <bin index="12" start="0.012" width="0.001" count="1" />
      </delayHistogram>
      <jitterHistogram nBins="13" >
        <bin index="0" start="0" width="0.001" count="6" />
        <bin index="1" start="0.001" width="0.001" count="2" />
        <bin index="12" start="0.012" width="0.001" count="1" />
      </jitterHistogram>
      <packetSizeHistogram nBins="28" >
        <bin index="27" start="540" width="20" count="10" />
      </packetSizeHistogram>
      <flowInterruptionsHistogram nBins="5" >
        <bin index="3" start="0.75" width="0.25" count="5" />
        <bin index="4" start="1" width="0.25" count="4" />
      </flowInterruptionsHistogram>
    </Flow>
    <Flow flowId="6" timeFirstTxPacket="+2e+09ns" timeFirstRxPacket="+0ns" timeLastTxPacket="+1.1e+10ns" timeLastRxPacket="+0ns" delaySum="+0ns" jitterSum="+0ns" lastDelay="+0ns" txBytes="5400" rxBytes="0" txPackets="10" rxPackets="0" lostPackets="3" timesForwarded="0">
      <delayHistogram nBins="0" >
      </delayHistogram>
      <jitterHistogram nBins="0" >
      </jitterHistogram>
      <packetSizeHistogram nBins="0" >
      </packetSizeHistogram>
      <flowInterruptionsHistogram nBins="0" >
      </flowInterruptionsHistogram>
    </Flow>
    <Flow flowId="7" timeFirstTxPacket="+2e+09ns" timeFirstRxPacket="+2.00283e+09ns" timeLastTxPacket="+1.1e+10ns" timeLastRxPacket="+1.10009e+10ns" delaySum="+1.57219e+07ns" jitterSum="+7.22773e+06ns" lastDelay="+865099ns" txBytes="5400" rxBytes="5400" txPackets="10" rxPackets="10" lostPackets="0" timesForwarded="0">
      <delayHistogram nBins="4" >
        <bin index="0" start="0" width="0.001" count="4" />
        <bin index="1" start="0.001" width="0.001" count="4" />
        <bin index="2" start="0.002" width="0.001" count="1" />
        <bin index="3" start="0.003" width="0.001" count="1" />
      </delayHistogram>
      <jitterHistogram nBins="2" >
        <bin index="0" start="0" width="0.001" count="6" />
        <bin index="1" start="0.001" width="0.001" count="3" />
      </jitterHistogram>
      <packetSizeHistogram nBins="28" >
        <bin index="27" start="540" width="20" count="10" />
      </packetSizeHistogram>
      <flowInterruptionsHistogram nBins="5" >
        <bin index="3" start="0.75" width="0.25" count="5" />
        <bin index="4" start="1" width="0.25" count="4" />
      </flowInterruptionsHistogram>
    </Flow>
    <Flow flowId="8" timeFirstTxPacket="+2e+09ns" timeFirstRxPacket="+0ns" timeLastTxPacket="+1.1e+10ns" timeLastRxPacket="+0ns" delaySum="+0ns" jitterSum="+0ns" lastDelay="+0ns" txBytes="5400" rxBytes="0" txPackets="10" rxPackets="0" lostPackets="3" timesForwarded="0">
      <delayHistogram nBins="0" >
      </delayHistogram>
      <jitterHistogram nBins="0" >
      </jitterHistogram>
      <packetSizeHistogram nBins="0" >
      </packetSizeHistogram>
      <flowInterruptionsHistogram nBins="0" >
      </flowInterruptionsHistogram>
    </Flow>
    <Flow flowId="9" timeFirstTxPacket="+2e+09ns" timeFirstRxPacket="+0ns" timeLastTxPacket="+1.1e+10ns" timeLastRxPacket="+0ns" delaySum="+0ns" jitterSum="+0ns" lastDelay="+0ns" txBytes="5400" rxBytes="0" txPackets="10" rxPackets="0" lostPackets="3" timesForwarded="0">
      <delayHistogram nBins="0" >
      </delayHistogram>
      <jitterHistogram nBins="0" >
      </jitterHistogram>
      <packetSizeHistogram nBins="0" >
      </packetSizeHistogram>
      <flowInterruptionsHistogram nBins="0" >
      </flowInterruptionsHistogram>
    </Flow>
    <Flow flowId="10" timeFirstTxPacket="+2e+09ns" timeFirstRxPacket="+2.01031e+09ns" timeLastTxPacket="+1.1e+10ns" timeLastRxPacket="+1.10032e+10ns" delaySum="+2.64289e+07ns" jitterSum="+1.86842e+07ns" lastDelay="+3.1621e+06ns" txBytes="5400" rxBytes="5400" txPackets="10" rxPackets="10" lostPackets="0" timesForwarded="0">
      <delayHistogram nBins="11" >
        <bin index="0" start="0" width="0.001" count="4" />
        <bin index="1" start="0.001" width="0.001" count="1" />
        <bin index="2" start="0.002" width="0.001" count="1" />
        <bin index="3" start="0.003" width="0.001" count="3" />
        <bin index="10" start="0.01" width="0.001" count="1" />
      </delayHistogram>
      <jitterHistogram nBins="10" >
        <bin index="0" start="0" width="0.001" count="5" />
        <bin index="1" start="0.001" width="0.001" count="1" />
        <bin index="2" start="0.002" width="0.001" count="2" />
        <bin index="9" start="0.009" width="0.001" count="1" />
      </jitterHistogram>
      <packetSizeHistogram nBins="28" >
        <bin index="27" start="540" width="20" count="10" />
      </packetSizeHistogram>
      <flowInterruptionsHistogram nBins="5" >
        <bin index="3" start="0.75" width="0.25" count="4" />
        <bin index="4" start="1" width="0.25" count="5" />
      </flowInterruptionsHistogram>
    </Flow>
    <Flow flowId="11" timeFirstTxPacket="+2e+09ns" timeFirstRxPacket="+0ns" timeLastTxPacket="+1.1e+10ns" timeLastRxPacket="+0ns" delaySum="+0ns" jitterSum="+0ns" lastDelay="+0ns" txBytes="5400" rxBytes="0" txPackets="10" rxPackets="0" lostPackets="3" timesForwarded="0">
      <delayHistogram nBins="0" >
      </delayHistogram>
      <jitterHistogram nBins="0" >
      </jitterHistogram>
      <packetSizeHistogram nBins="0" >
      </packetSizeHistogram>
      <flowInterruptionsHistogram nBins="0" >
      </flowInterruptionsHistogram>
    </Flow>
    <Flow flowId="12" timeFirstTxPacket="+2e+09ns" timeFirstRxPacket="+0ns" timeLastTxPacket="+1.1e+10ns" timeLastRxPacket="+0ns" delaySum="+0ns" jitterSum="+0ns" lastDelay="+0ns" txBytes="5400" rxBytes="0" txPackets="10" rxPackets="0" lostPackets="3" timesForwarded="0">
      <delayHistogram nBins="0" >
      </delayHistogram>
      <jitterHistogram nBins="0" >
      </jitterHistogram>
      <packetSizeHistogram nBins="0" >
      </packetSizeHistogram>
      <flowInterruptionsHistogram nBins="0" >
      </flowInterruptionsHistogram>
    </Flow>
    <Flow flowId="13" timeFirstTxPacket="+2e+09ns" timeFirstRxPacket="+2.0054e+09ns" timeLastTxPacket="+1.1e+10ns" timeLastRxPacket="+1.10025e+10ns" delaySum="+1.70146e+07ns" jitterSum="+9.2703e+06ns" lastDelay="+2.51574e+06ns" txBytes="5400" rxBytes="5400" txPackets="10" rxPackets="10" lostPackets="0" timesForwarded="0">
      <delayHistogram nBins="6" >
        <bin index="0" start="0" width="0.001" count="4" />
        <bin index="1" start="0.001" width="0.001" count="3" />
        <bin index="2" start="0.002" width="0.001" count="2" />
        <bin index="5" start="0.005" width="0.001" count="1" />
      </delayHistogram>
      <jitterHistogram nBins="5" >
        <bin index="0" start="0" width="0.001" count="7" />
        <bin index="1" start="0.001" width="0.001" count="1" />
        <bin index="4" start="0.004" width="0.001" count="1" />
      </jitterHistogram>
      <packetSizeHistogram nBins="28" >
        <bin index="27" start="540" width="20" count="10" />
      </packetSizeHistogram>
      <flowInterruptionsHistogram nBins="5" >
        <bin index="3" start="0.75" width="0.25" count="3" />
        <bin index="4" start="1" width="0.25" count="6" />
      </flowInterruptionsHistogram>
    </Flow>
    <Flow flowId="14" timeFirstTxPacket="+2e+09ns" timeFirstRxPacket="+0ns" timeLastTxPacket="+1.1e+10ns" timeLastRxPacket="+0ns" delaySum="+0ns" jitterSum="+0ns" lastDelay="+0ns" txBytes="5400" rxBytes="0" txPackets="10" rxPackets="0" lostPackets="3" timesForwarded="0">
      <delayHistogram nBins="0" >
      </delayHistogram>
      <jitterHistogram nBins="0" >
      </jitterHistogram>
      <packetSizeHistogram nBins="0" >
      </packetSizeHistogram>
      <flowInterruptionsHistogram nBins="0" >
      </flowInterruptionsHistogram>
    </Flow>
    <Flow flowId="15" timeFirstTxPacket="+2e+09ns" timeFirstRxPacket="+0ns" timeLastTxPacket="+1.1e+10ns" timeLastRxPacket="+0ns" delaySum="+0ns" jitterSum="+0ns" lastDelay="+0ns" txBytes="5400" rxBytes="0" txPackets="10" rxPackets="0" lostPackets="3" timesForwarded="0">
      <delayHistogram nBins="0" >
      </delayHistogram>
      <jitterHistogram nBins="0" >
      </jitterHistogram>
      <packetSizeHistogram nBins="0" >
      </packetSizeHistogram>
      <flowInterruptionsHistogram nBins="0" >
      </flowInterruptionsHistogram>
    </Flow>
    <Flow flowId="16" timeFirstTxPacket="+2e+09ns" timeFirstRxPacket="+0ns" timeLastTxPacket="+1.1e+10ns" timeLastRxPacket="+0ns" delaySum="+0ns" jitterSum="+0ns" lastDelay="+0ns" txBytes="5400" rxBytes="0" txPackets="10" rxPackets="0" lostPackets="3" timesForwarded="0">
      <delayHistogram nBins="0" >
      </delayHistogram>
      <jitterHistogram nBins="0" >
      </jitterHistogram>
      <packetSizeHistogram nBins="0" >
      </packetSizeHistogram>
      <flowInterruptionsHistogram nBins="0" >
      </flowInterruptionsHistogram>
    </Flow>
    <Flow flowId="17" timeFirstTxPacket="+2e+09ns" timeFirstRxPacket="+0ns" timeLastTxPacket="+1.1e+10ns" timeLastRxPacket="+0ns" delaySum="+0ns" jitterSum="+0ns" lastDelay="+0ns" txBytes="5400" rxBytes="0" txPackets="10" rxPackets="0" lostPackets="3" timesForwarded="0">
      <delayHistogram nBins="0" >
      </delayHistogram>
      <jitterHistogram nBins="0" >
      </jitterHistogram>
      <packetSizeHistogram nBins="0" >
      </packetSizeHistogram>
      <flowInterruptionsHistogram nBins="0" >
      </flowInterruptionsHistogram>
    </Flow>
    <Flow flowId="18" timeFirstTxPacket="+2e+09ns" timeFirstRxPacket="+0ns" timeLastTxPacket="+1.1e+10ns" timeLastRxPacket="+0ns" delaySum="+0ns" jitterSum="+0ns" lastDelay="+0ns" txBytes="5400" rxBytes="0" txPackets="10" rxPackets="0" lostPackets="3" timesForwarded="0">
      <delayHistogram nBins="0" >
      </delayHistogram>
      <jitterHistogram nBins="0" >
      </jitterHistogram>
      <packetSizeHistogram nBins="0" >
      </packetSizeHistogram>
      <flowInterruptionsHistogram nBins="0" >
      </flowInterruptionsHistogram>
    </Flow>
    <Flow flowId="19" timeFirstTxPacket="+2.00145e+09ns" timeFirstRxPacket="+2.00328e+09ns" timeLastTxPacket="+1.10012e+10ns" timeLastRxPacket="+1.1002e+10ns" delaySum="+7.60931e+06ns" jitterSum="+2.86553e+06ns" lastDelay="+820323ns" txBytes="5400" rxBytes="5400" txPackets="10" rxPackets="10" lostPackets="0" timesForwarded="0">
      <delayHistogram nBins="2" >
        <bin index="0" start="0" width="0.001" count="8" />
        <bin index="1" start="0.001" width="0.001" count="2" />
      </delayHistogram>
      <jitterHistogram nBins="2" >
        <bin index="0" start="0" width="0.001" count="8" />
        <bin index="1" start="0.001" width="0.001" count="1" />
      </jitterHistogram>
      <packetSizeHistogram nBins="28" >
        <bin index="27" start="540" width="20" count="10" />
      </packetSizeHistogram>
      <flowInterruptionsHistogram nBins="5" >
        <bin index="3" start="0.75" width="0.25" count="4" />
        <bin index="4" start="1" width="0.25" count="5" />
      </flowInterruptionsHistogram>
    </Flow>
    <Flow flowId="20" timeFirstTxPacket="+2.00283e+09ns" timeFirstRxPacket="+3.0033e+09ns" timeLastTxPacket="+1.10009e+10ns" timeLastRxPacket="+1.10019e+10ns" delaySum="+1.00955e+09ns" jitterSum="+1.00184e+09ns" lastDelay="+992271ns" txBytes="5400" rxBytes="5400" txPackets="10" rxPackets="10" lostPackets="0" timesForwarded="0">
      <delayHistogram nBins="1001" >
        <bin index="0" start="0" width="0.001" count="5" />
        <bin index="1" start="0.001" width="0.001" count="3" />
        <bin index="2" start="0.002" width="0.001" count="1" />
        <bin index="1000" start="1" width="0.001" count="1" />
      </delayHistogram>
      <jitterHistogram nBins="998" >
        <bin index="0" start="0" width="0.001" count="7" />
        <bin index="1" start="0.001" width="0.001" count="1" />
        <bin index="997" start="0.997" width="0.001" count="1" />
      </jitterHistogram>
      <packetSizeHistogram nBins="28" >
        <bin index="27" start="540" width="20" count="10" />
      </packetSizeHistogram>
      <flowInterruptionsHistogram nBins="5" >
        <bin index="3" start="0.75" width="0.25" count="5" />
        <bin index="4" start="1" width="0.25" count="3" />
      </flowInterruptionsHistogram>
    </Flow>
    <Flow flowId="21" timeFirstTxPacket="+2.0054e+09ns" timeFirstRxPacket="+2.01185e+09ns" timeLastTxPacket="+1.10025e+10ns" timeLastRxPacket="+1.1003e+10ns" delaySum="+1.1771e+07ns" jitterSum="+9.40787e+06ns" lastDelay="+463228ns" txBytes="5400" rxBytes="5400" txPackets="10" rxPackets="10" lostPackets="0" timesForwarded="0">
      <delayHistogram nBins="7" >
        <bin index="0" start="0" width="0.001" count="8" />
        <bin index="1" start="0.001" width="0.001" count="1" />
        <bin index="6" start="0.006" width="0.001" count="1" />
      </delayHistogram>
      <jitterHistogram nBins="6" >
        <bin index="0" start="0" width="0.001" count="7" />
        <bin index="1" start="0.001" width="0.001" count="1" />
        <bin index="5" start="0.005" width="0.001" count="1" />
      </jitterHistogram>
      <packetSizeHistogram nBins="28" >
        <bin index="27" start="540" width="20" count="10" />
      </packetSizeHistogram>
      <flowInterruptionsHistogram nBins="5" >
        <bin index="3" start="0.75" width="0.25" count="3" />
        <bin index="4" start="1" width="0.25" count="6" />
      </flowInterruptionsHistogram>
    </Flow>
    <Flow flowId="22" timeFirstTxPacket="+2.00733e+09ns" timeFirstRxPacket="+2.0157e+09ns" timeLastTxPacket="+1.10013e+10ns" timeLastRxPacket="+1.10023e+10ns" delaySum="+1.42156e+07ns" jitterSum="+1.25099e+07ns" lastDelay="+946303ns" txBytes="5400" rxBytes="5400" txPackets="10" rxPackets="10" lostPackets="0" timesForwarded="0">
      <delayHistogram nBins="9" >
        <bin index="0" start="0" width="0.001" count="7" />
        <bin index="1" start="0.001" width="0.001" count="2" />
        <bin index="8" start="0.008" width="0.001" count="1" />
      </delayHistogram>
      <jitterHistogram nBins="8" >
        <bin index="0" start="0" width="0.001" count="7" />
        <bin index="1" start="0.001" width="0.001" count="1" />
        <bin index="7" start="0.007" width="0.001" count="1" />
      </jitterHistogram>
      <packetSizeHistogram nBins="28" >
        <bin index="27" start="540" width="20" count="10" />
      </packetSizeHistogram>
      <flowInterruptionsHistogram nBins="5" >
        <bin index="3" start="0.75" width="0.25" count="4" />
        <bin index="4" start="1" width="0.25" count="5" />
      </flowInterruptionsHistogram>
    </Flow>
    <Flow flowId="23" timeFirstTxPacket="+2.00876e+09ns" timeFirstRxPacket="+2.01295e+09ns" timeLastTxPacket="+1.10002e+10ns" timeLastRxPacket="+1.10004e+10ns" delaySum="+9.23284e+06ns" jitterSum="+7.06634e+06ns" lastDelay="+147033ns" txBytes="5400" rxBytes="5400" txPackets="10" rxPackets="10" lostPackets="0" timesForwarded="0">
      <delayHistogram nBins="5" >
        <bin index="0" start="0" width="0.001" count="8" />
        <bin index="1" start="0.001" width="0.001" count="1" />
        <bin index="4" start="0.004" width="0.001" count="1" />
      </delayHistogram>
      <jitterHistogram nBins="4" >
        <bin index="0" start="0" width="0.001" count="8" />
        <bin index="3" start="0.003" width="0.001" count="1" />
      </jitterHistogram>
      <packetSizeHistogram nBins="28" >
        <bin index="27" start="540" width="20" count="10" />
      </packetSizeHistogram>
      <flowInterruptionsHistogram nBins="5" >
        <bin index="3" start="0.75" width="0.25" count="5" />
        <bin index="4" start="1" width="0.25" count="4" />
      </flowInterruptionsHistogram>
    </Flow>
    <Flow flowId="24" timeFirstTxPacket="+2.01031e+09ns" timeFirstRxPacket="+2.01481e+09ns" timeLastTxPacket="+1.10032e+10ns" timeLastRxPacket="+1.10034e+10ns" delaySum="+7.827e+06ns" jitterSum="+6.91451e+06ns" lastDelay="+215101ns" txBytes="5400" rxBytes="5400" txPackets="10" rxPackets="10" lostPackets="0" timesForwarded="0">
      <delayHistogram nBins="5" >
        <bin index="0" start="0" width="0.001" count="8" />
        <bin index="1" start="0.001" width="0.001" count="1" />
        <bin index="4" start="0.004" width="0.001" count="1" />
      </delayHistogram>
      <jitterHistogram nBins="5" >
        <bin index="0" start="0" width="0.001" count="7" />
        <bin index="1" start="0.001" width="0.001" count="1" />
        <bin index="4" start="0.004" width="0.001" count="1" />
      </jitterHistogram>
      <packetSizeHistogram nBins="28" >
        <bin index="27" start="540" width="20" count="10" />
      </packetSizeHistogram>
      <flowInterruptionsHistogram nBins="5" >
        <bin index="3" start="0.75" width="0.25" count="5" />
        <bin index="4" start="1" width="0.25" count="4" />
      </flowInterruptionsHistogram>
    </Flow>
    <Flow flowId="25" timeFirstTxPacket="+2.01277e+09ns" timeFirstRxPacket="+2.02119e+09ns" timeLastTxPacket="+1.10015e+10ns" timeLastRxPacket="+1.10027e+10ns" delaySum="+1.54022e+07ns" jitterSum="+1.01655e+07ns" lastDelay="+1.18849e+06ns" txBytes="5400" rxBytes="5400" txPackets="10" rxPackets="10" lostPackets="0" timesForwarded="0">
      <delayHistogram nBins="9" >
        <bin index="0" start="0" width="0.001" count="7" />
        <bin index="1" start="0.001" width="0.001" count="2" />
        <bin index="8" start="0.008" width="0.001" count="1" />
      </delayHistogram>
      <jitterHistogram nBins="8" >
        <bin index="0" start="0" width="0.001" count="7" />
        <bin index="1" start="0.001" width="0.001" count="1" />
        <bin index="7" start="0.007" width="0.001" count="1" />
      </jitterHistogram>
      <packetSizeHistogram nBins="28" >
        <bin index="27" start="540" width="20" count="10" />
      </packetSizeHistogram>
      <flowInterruptionsHistogram nBins="5" >
        <bin index="3" start="0.75" width="0.25" count="5" />
        <bin index="4" start="1" width="0.25" count="4" />
      </flowInterruptionsHistogram>
    </Flow>
  </FlowStats>
  <Ipv4FlowClassifier>
    <Flow flowId="19" sourceAddress="10.1.1.1" destinationAddress="10.1.1.2" protocol="17" sourcePort="9" destinationPort="49153">
      <Dscp value="0x0" packets="10" />
    </Flow>
    <Flow flowId="23" sourceAddress="10.1.1.1" destinationAddress="10.1.1.3" protocol="17" sourcePort="9" destinationPort="49153">
      <Dscp value="0x0" packets="10" />
    </Flow>
    <Flow flowId="22" sourceAddress="10.1.1.1" destinationAddress="10.1.1.5" protocol="17" sourcePort="9" destinationPort="49153">
      <Dscp value="0x0" packets="10" />
    </Flow>
    <Flow flowId="25" sourceAddress="10.1.1.1" destinationAddress="10.1.1.6" protocol="17" sourcePort="9" destinationPort="49153">
      <Dscp value="0x0" packets="10" />
    </Flow>
    <Flow flowId="20" sourceAddress="10.1.1.1" destinationAddress="10.1.1.8" protocol="17" sourcePort="9" destinationPort="49153">
      <Dscp value="0x0" packets="10" />
    </Flow>
    <Flow flowId="24" sourceAddress="10.1.1.1" destinationAddress="10.1.1.11" protocol="17" sourcePort="9" destinationPort="49153">
      <Dscp value="0x0" packets="10" />
    </Flow>
    <Flow flowId="21" sourceAddress="10.1.1.1" destinationAddress="10.1.1.14" protocol="17" sourcePort="9" destinationPort="49153">
      <Dscp value="0x0" packets="10" />
    </Flow>
    <Flow flowId="1" sourceAddress="10.1.1.2" destinationAddress="10.1.1.1" protocol="17" sourcePort="49153" destinationPort="9">
      <Dscp value="0x0" packets="10" />
    </Flow>
    <Flow flowId="2" sourceAddress="10.1.1.3" destinationAddress="10.1.1.1" protocol="17" sourcePort="49153" destinationPort="9">
      <Dscp value="0x0" packets="10" />
    </Flow>
    <Flow flowId="3" sourceAddress="10.1.1.4" destinationAddress="10.1.1.1" protocol="17" sourcePort="49153" destinationPort="9">
      <Dscp value="0x0" packets="10" />
    </Flow>
    <Flow flowId="4" sourceAddress="10.1.1.5" destinationAddress="10.1.1.1" protocol="17" sourcePort="49153" destinationPort="9">
      <Dscp value="0x0" packets="10" />
    </Flow>
    <Flow flowId="5" sourceAddress="10.1.1.6" destinationAddress="10.1.1.1" protocol="17" sourcePort="49153" destinationPort="9">
      <Dscp value="0x0" packets="10" />
    </Flow>
    <Flow flowId="6" sourceAddress="10.1.1.7" destinationAddress="10.1.1.1" protocol="17" sourcePort="49153" destinationPort="9">
      <Dscp value="0x0" packets="10" />
    </Flow>
    <Flow flowId="7" sourceAddress="10.1.1.8" destinationAddress="10.1.1.1" protocol="17" sourcePort="49153" destinationPort="9">
      <Dscp value="0x0" packets="10" />
    </Flow>
    <Flow flowId="8" sourceAddress="10.1.1.9" destinationAddress="10.1.1.1" protocol="17" sourcePort="49153" destinationPort="9">
      <Dscp value="0x0" packets="10" />
    </Flow>
    <Flow flowId="9" sourceAddress="10.1.1.10" destinationAddress="10.1.1.1" protocol="17" sourcePort="49153" destinationPort="9">
      <Dscp value="0x0" packets="10" />
    </Flow>
    <Flow flowId="10" sourceAddress="10.1.1.11" destinationAddress="10.1.1.1" protocol="17" sourcePort="49153" destinationPort="9">
      <Dscp value="0x0" packets="10" />
    </Flow>
    <Flow flowId="11" sourceAddress="10.1.1.12" destinationAddress="10.1.1.1" protocol="17" sourcePort="49153" destinationPort="9">
      <Dscp value="0x0" packets="10" />
    </Flow>
    <Flow flowId="12" sourceAddress="10.1.1.13" destinationAddress="10.1.1.1" protocol="17" sourcePort="49153" destinationPort="9">
      <Dscp value="0x0" packets="10" />
    </Flow>
    <Flow flowId="13" sourceAddress="10.1.1.14" destinationAddress="10.1.1.1" protocol="17" sourcePort="49153" destinationPort="9">
      <Dscp value="0x0" packets="10" />
    </Flow>
    <Flow flowId="14" sourceAddress="10.1.1.15" destinationAddress="10.1.1.1" protocol="17" sourcePort="49153" destinationPort="9">
      <Dscp value="0x0" packets="10" />
    </Flow>
    <Flow flowId="15" sourceAddress="10.1.1.16" destinationAddress="10.1.1.1" protocol="17" sourcePort="49153" destinationPort="9">
      <Dscp value="0x0" packets="10" />
    </Flow>
    <Flow flowId="16" sourceAddress="10.1.1.17" destinationAddress="10.1.1.1" protocol="17" sourcePort="49153" destinationPort="9">
      <Dscp value="0x0" packets="10" />
    </Flow>
    <Flow flowId="17" sourceAddress="10.1.1.18" destinationAddress="10.1.1.1" protocol="17" sourcePort="49153" destinationPort="9">
      <Dscp value="0x0" packets="10" />
    </Flow>
    <Flow flowId="18" sourceAddress="10.1.1.19" destinationAddress="10.1.1.1" protocol="17" sourcePort="49153" destinationPort="9">
      <Dscp value="0x0" packets="10" />
    </Flow>
  </Ipv4FlowClassifier>
  <Ipv6FlowClassifier>
  </Ipv6FlowClassifier>
  <FlowProbes>
    <FlowProbe index="0">
      <FlowStats  flowId="1" packets="10" bytes="5400" delayFromFirstProbeSum="+1.32016e+07ns" >
      </FlowStats>
      <FlowStats  flowId="2" packets="10" bytes="5400" delayFromFirstProbeSum="+2.16046e+07ns" >
      </FlowStats>
      <FlowStats  flowId="4" packets="10" bytes="5400" delayFromFirstProbeSum="+2.27484e+07ns" >
      </FlowStats>
      <FlowStats  flowId="5" packets="10" bytes="5400" delayFromFirstProbeSum="+2.20179e+07ns" >
      </FlowStats>
      <FlowStats  flowId="7" packets="10" bytes="5400" delayFromFirstProbeSum="+1.57219e+07ns" >
      </FlowStats>
      <FlowStats  flowId="10" packets="10" bytes="5400" delayFromFirstProbeSum="+2.64289e+07ns" >
      </FlowStats>
      <FlowStats  flowId="13" packets="10" bytes="5400" delayFromFirstProbeSum="+1.70146e+07ns" >
      </FlowStats>
      <FlowStats  flowId="19" packets="10" bytes="5400" delayFromFirstProbeSum="+0ns" >
      </FlowStats>
      <FlowStats  flowId="20" packets="10" bytes="5400" delayFromFirstProbeSum="+0ns" >
      </FlowStats>
      <FlowStats  flowId="21" packets="10" bytes="5400" delayFromFirstProbeSum="+0ns" >
      </FlowStats>
      <FlowStats  flowId="22" packets="10" bytes="5400" delayFromFirstProbeSum="+0ns" >
      </FlowStats>
      <FlowStats  flowId="23" packets="10" bytes="5400" delayFromFirstProbeSum="+0ns" >
      </FlowStats>
      <FlowStats  flowId="24" packets="10" bytes="5400" delayFromFirstProbeSum="+0ns" >
      </FlowStats>
      <FlowStats  flowId="25" packets="10" bytes="5400" delayFromFirstProbeSum="+0ns" >
      </FlowStats>
    </FlowProbe>
    <FlowProbe index="1">
    </FlowProbe>
    <FlowProbe index="2">
      <FlowStats  flowId="1" packets="10" bytes="5400" delayFromFirstProbeSum="+0ns" >
      </FlowStats>
      <FlowStats  flowId="19" packets="10" bytes="5400" delayFromFirstProbeSum="+7.60931e+06ns" >
      </FlowStats>
    </FlowProbe>
    <FlowProbe index="3">
    </FlowProbe>
    <FlowProbe index="4">
      <FlowStats  flowId="2" packets="10" bytes="5400" delayFromFirstProbeSum="+0ns" >
      </FlowStats>
      <FlowStats  flowId="23" packets="10" bytes="5400" delayFromFirstProbeSum="+9.23284e+06ns" >
      </FlowStats>
    </FlowProbe>
    <FlowProbe index="5">
    </FlowProbe>
    <FlowProbe index="6">
      <FlowStats  flowId="3" packets="10" bytes="5400" delayFromFirstProbeSum="+0ns" >
      </FlowStats>
    </FlowProbe>
    <FlowProbe index="7">
    </FlowProbe>
    <FlowProbe index="8">
      <FlowStats  flowId="4" packets="10" bytes="5400" delayFromFirstProbeSum="+0ns" >
      </FlowStats>
      <FlowStats  flowId="22" packets="10" bytes="5400" delayFromFirstProbeSum="+1.42156e+07ns" >
      </FlowStats>
    </FlowProbe>
    <FlowProbe index="9">
    </FlowProbe>
    <FlowProbe index="10">
      <FlowStats  flowId="5" packets="10" bytes="5400" delayFromFirstProbeSum="+0ns" >
      </FlowStats>
      <FlowStats  flowId="25" packets="10" bytes="5400" delayFromFirstProbeSum="+1.54022e+07ns" >
      </FlowStats>
    </FlowProbe>
    <FlowProbe index="11">
    </FlowProbe>
    <FlowProbe index="12">
      <FlowStats  flowId="6" packets="10" bytes="5400" delayFromFirstProbeSum="+0ns" >
      </FlowStats>
    </FlowProbe>
    <FlowProbe index="13">
    </FlowProbe>
    <FlowProbe index="14">
      <FlowStats  flowId="7" packets="10" bytes="5400" delayFromFirstProbeSum="+0ns" >
      </FlowStats>
      <FlowStats  flowId="20" packets="10" bytes="5400" delayFromFirstProbeSum="+1.00955e+09ns" >
      </FlowStats>
    </FlowProbe>
    <FlowProbe index="15">
    </FlowProbe>
    <FlowProbe index="16">
      <FlowStats  flowId="8" packets="10" bytes="5400" delayFromFirstProbeSum="+0ns" >
      </FlowStats>
    </FlowProbe>
    <FlowProbe index="17">
    </FlowProbe>
    <FlowProbe index="18">
      <FlowStats  flowId="9" packets="10" bytes="5400" delayFromFirstProbeSum="+0ns" >
      </FlowStats>
    </FlowProbe>
    <FlowProbe index="19">
    </FlowProbe>
    <FlowProbe index="20">
      <FlowStats  flowId="10" packets="10" bytes="5400" delayFromFirstProbeSum="+0ns" >
      </FlowStats>
      <FlowStats  flowId="24" packets="10" bytes="5400" delayFromFirstProbeSum="+7.827e+06ns" >
      </FlowStats>
    </FlowProbe>
    <FlowProbe index="21">
    </FlowProbe>
    <FlowProbe index="22">
      <FlowStats  flowId="11" packets="10" bytes="5400" delayFromFirstProbeSum="+0ns" >
      </FlowStats>
    </FlowProbe>
    <FlowProbe index="23">
    </FlowProbe>
    <FlowProbe index="24">
      <FlowStats  flowId="12" packets="10" bytes="5400" delayFromFirstProbeSum="+0ns" >
      </FlowStats>
    </FlowProbe>
    <FlowProbe index="25">
    </FlowProbe>
    <FlowProbe index="26">
      <FlowStats  flowId="13" packets="10" bytes="5400" delayFromFirstProbeSum="+0ns" >
      </FlowStats>
      <FlowStats  flowId="21" packets="10" bytes="5400" delayFromFirstProbeSum="+1.1771e+07ns" >
      </FlowStats>
    </FlowProbe>
    <FlowProbe index="27">
    </FlowProbe>
    <FlowProbe index="28">
      <FlowStats  flowId="14" packets="10" bytes="5400" delayFromFirstProbeSum="+0ns" >
      </FlowStats>
    </FlowProbe>
    <FlowProbe index="29">
    </FlowProbe>
    <FlowProbe index="30">
      <FlowStats  flowId="15" packets="10" bytes="5400" delayFromFirstProbeSum="+0ns" >
      </FlowStats>
    </FlowProbe>
    <FlowProbe index="31">
    </FlowProbe>
    <FlowProbe index="32">
      <FlowStats  flowId="16" packets="10" bytes="5400" delayFromFirstProbeSum="+0ns" >
      </FlowStats>
    </FlowProbe>
    <FlowProbe index="33">
    </FlowProbe>
    <FlowProbe index="34">
      <FlowStats  flowId="17" packets="10" bytes="5400" delayFromFirstProbeSum="+0ns" >
      </FlowStats>
    </FlowProbe>
    <FlowProbe index="35">
    </FlowProbe>
    <FlowProbe index="36">
      <FlowStats  flowId="18" packets="10" bytes="5400" delayFromFirstProbeSum="+0ns" >
      </FlowStats>
    </FlowProbe>
    <FlowProbe index="37">
    </FlowProbe>
  </FlowProbes>
</FlowMonitor>
